-- phpMyAdmin SQL Dump
-- version 5.2.1
-- https://www.phpmyadmin.net/
--
-- Host: 127.0.0.1
-- Generation Time: Jan 17, 2025 at 11:37 AM
-- Server version: 10.4.32-MariaDB
-- PHP Version: 8.0.30

SET SQL_MODE = "NO_AUTO_VALUE_ON_ZERO";
START TRANSACTION;
SET time_zone = "+00:00";


/*!40101 SET @OLD_CHARACTER_SET_CLIENT=@@CHARACTER_SET_CLIENT */;
/*!40101 SET @OLD_CHARACTER_SET_RESULTS=@@CHARACTER_SET_RESULTS */;
/*!40101 SET @OLD_COLLATION_CONNECTION=@@COLLATION_CONNECTION */;
/*!40101 SET NAMES utf8mb4 */;

--
-- Database: `shopping`
--

-- --------------------------------------------------------

--
-- Table structure for table `admin`
--

CREATE TABLE `admin` (
  `id` int(11) NOT NULL,
  `username` varchar(255) NOT NULL,
  `password` varchar(255) NOT NULL,
  `creationDate` timestamp NOT NULL DEFAULT current_timestamp(),
  `updationDate` varchar(255) NOT NULL
) ENGINE=InnoDB DEFAULT CHARSET=latin1 COLLATE=latin1_swedish_ci;

--
-- Dumping data for table `admin`
--

INSERT INTO `admin` (`id`, `username`, `password`, `creationDate`, `updationDate`) VALUES
(1, 'admin', 'f925916e2754e5e03f75dd58a5733251', '2024-04-02 16:21:18', '03-05-2024 08:27:55 PM');

-- --------------------------------------------------------

--
-- Table structure for table `category`
--

CREATE TABLE `category` (
  `id` int(11) NOT NULL,
  `categoryName` varchar(255) DEFAULT NULL,
  `categoryDescription` longtext DEFAULT NULL,
  `creationDate` timestamp NOT NULL DEFAULT current_timestamp(),
  `updationDate` varchar(255) DEFAULT NULL
) ENGINE=InnoDB DEFAULT CHARSET=latin1 COLLATE=latin1_swedish_ci;

--
-- Dumping data for table `category`
--

INSERT INTO `category` (`id`, `categoryName`, `categoryDescription`, `creationDate`, `updationDate`) VALUES
(3, 'Refrigerator', 'double door, single door fridge', '2024-04-18 19:17:37', '10-01-2025 09:22:48 PM'),
(4, 'TV', 'TV , Smart TV \r\n', '2024-04-18 19:17:37', '10-01-2025 09:22:19 PM'),
(5, 'Washing Machine', 'All type of Washing Machine', '2024-04-18 19:17:37', '08-12-2024 01:13:53 AM'),
(6, 'AC', 'Air Conditioner', '2024-04-18 19:17:37', '08-12-2024 01:14:26 AM');

-- --------------------------------------------------------

--
-- Table structure for table `orders`
--

CREATE TABLE `orders` (
  `id` int(11) NOT NULL,
  `userId` int(11) DEFAULT NULL,
  `productId` varchar(255) DEFAULT NULL,
  `quantity` int(11) DEFAULT NULL,
  `orderDate` timestamp NOT NULL DEFAULT current_timestamp(),
  `paymentMethod` varchar(50) DEFAULT NULL,
  `orderStatus` varchar(55) DEFAULT NULL
) ENGINE=InnoDB DEFAULT CHARSET=latin1 COLLATE=latin1_swedish_ci;

--
-- Dumping data for table `orders`
--

INSERT INTO `orders` (`id`, `userId`, `productId`, `quantity`, `orderDate`, `paymentMethod`, `orderStatus`) VALUES
(1, 1, '3', 2, '2024-05-22 06:01:35', 'Debit / Credit card', 'Delivered'),
(2, 1, '16', 2, '2024-05-22 06:01:35', 'Debit / Credit card', NULL),
(3, 4, '15', 1, '2024-05-23 13:31:52', 'COD', 'in Process'),
(4, 5, '15', 1, '2024-06-05 01:04:45', 'COD', 'Delivered'),
(5, 7, '1', 1, '2025-01-11 14:41:03', 'COD', 'in Process');

-- --------------------------------------------------------

--
-- Table structure for table `ordertrackhistory`
--

CREATE TABLE `ordertrackhistory` (
  `id` int(11) NOT NULL,
  `orderId` int(11) DEFAULT NULL,
  `status` varchar(255) DEFAULT NULL,
  `remark` mediumtext DEFAULT NULL,
  `postingDate` timestamp NOT NULL DEFAULT current_timestamp()
) ENGINE=InnoDB DEFAULT CHARSET=latin1 COLLATE=latin1_swedish_ci;

--
-- Dumping data for table `ordertrackhistory`
--

INSERT INTO `ordertrackhistory` (`id`, `orderId`, `status`, `remark`, `postingDate`) VALUES
(1, 1, 'in Process', 'Item is packed. Ready for dispatched.', '2024-05-22 06:32:29'),
(2, 1, 'Delivered', 'Product is delivered to the customer.', '2024-05-22 06:32:53'),
(3, 3, 'in Process', 'Product is packed. Dispactched soon', '2024-05-23 13:50:53'),
(4, 3, 'in Process', 'Product is in transit.\r\n', '2024-05-23 13:51:13'),
(5, 4, 'in Process', 'Item is packed', '2024-06-05 01:05:26'),
(6, 4, 'in Process', 'In Transit', '2024-06-05 01:05:34'),
(7, 4, 'Delivered', 'Delivered to the customer', '2024-06-05 01:05:45'),
(8, 5, 'in Process', 'Delivering soon...', '2025-01-14 16:08:10');

-- --------------------------------------------------------

--
-- Table structure for table `productreviews`
--

CREATE TABLE `productreviews` (
  `id` int(11) NOT NULL,
  `productId` int(11) DEFAULT NULL,
  `quality` int(11) DEFAULT NULL,
  `price` int(11) DEFAULT NULL,
  `value` int(11) DEFAULT NULL,
  `name` varchar(255) DEFAULT NULL,
  `summary` varchar(255) DEFAULT NULL,
  `review` longtext DEFAULT NULL,
  `reviewDate` timestamp NOT NULL DEFAULT current_timestamp()
) ENGINE=InnoDB DEFAULT CHARSET=latin1 COLLATE=latin1_swedish_ci;

-- --------------------------------------------------------

--
-- Table structure for table `products`
--

CREATE TABLE `products` (
  `id` int(11) NOT NULL,
  `category` int(11) NOT NULL,
  `subCategory` int(11) DEFAULT NULL,
  `productName` varchar(255) DEFAULT NULL,
  `productCompany` varchar(255) DEFAULT NULL,
  `productPrice` int(11) DEFAULT NULL,
  `productPriceBeforeDiscount` int(11) DEFAULT NULL,
  `productDescription` longtext DEFAULT NULL,
  `productImage1` varchar(255) DEFAULT NULL,
  `productImage2` varchar(255) DEFAULT NULL,
  `productImage3` varchar(255) DEFAULT NULL,
  `shippingCharge` int(11) DEFAULT NULL,
  `productAvailability` varchar(255) DEFAULT NULL,
  `postingDate` timestamp NULL DEFAULT current_timestamp(),
  `updationDate` varchar(255) DEFAULT NULL
) ENGINE=InnoDB DEFAULT CHARSET=latin1 COLLATE=latin1_swedish_ci;

--
-- Dumping data for table `products`
--

INSERT INTO `products` (`id`, `category`, `subCategory`, `productName`, `productCompany`, `productPrice`, `productPriceBeforeDiscount`, `productDescription`, `productImage1`, `productImage2`, `productImage3`, `shippingCharge`, `productAvailability`, `postingDate`, `updationDate`) VALUES
(1, 4, 3, 'Micromax 81cm (32) HD Ready LED TV  (32T6175MHD, 2 x HDMI, 2 x USB)', 'Micromax test', 139900, 0, '<div class=\"HoUsOy\" style=\"box-sizing: border-box; margin: 0px; padding: 0px 0px 16px; font-size: 18px; white-space: nowrap; line-height: 1.4; color: rgb(33, 33, 33); font-family: Roboto, Arial, sans-serif;\">General</div><ul style=\"box-sizing: border-box; margin-bottom: 0px; margin-left: 0px; color: rgb(33, 33, 33); font-family: Roboto, Arial, sans-serif; font-size: 14px;\"><li class=\"_1KuY3T row\" style=\"box-sizing: border-box; margin: 0px; padding: 0px 0px 16px; list-style: none; display: flex; flex-flow: row wrap; width: 731px;\"><div class=\"vmXPri col col-3-12\" style=\"box-sizing: border-box; margin: 0px; padding: 0px 8px 0px 0px; width: 182.75px; display: inline-block; vertical-align: top; color: rgb(135, 135, 135);\">Sales Package</div><ul class=\"_3dG3ix col col-9-12\" style=\"box-sizing: border-box; margin-left: 0px; width: 548.25px; display: inline-block; vertical-align: top; line-height: 1.4;\"><li class=\"sNqDog\" style=\"box-sizing: border-box; margin: 0px; padding: 0px; list-style: none;\">1 TV Unit, Remote Controller, Battery (For Remote Controller), Quick Installation Guide and User Manual: All in One, Wall Mount Support</li></ul></li><li class=\"_1KuY3T row\" style=\"box-sizing: border-box; margin: 0px; padding: 0px 0px 16px; list-style: none; display: flex; flex-flow: row wrap; width: 731px;\"><div class=\"vmXPri col col-3-12\" style=\"box-sizing: border-box; margin: 0px; padding: 0px 8px 0px 0px; width: 182.75px; display: inline-block; vertical-align: top; color: rgb(135, 135, 135);\">Model Name</div><ul class=\"_3dG3ix col col-9-12\" style=\"box-sizing: border-box; margin-left: 0px; width: 548.25px; display: inline-block; vertical-align: top; line-height: 1.4;\"><li class=\"sNqDog\" style=\"box-sizing: border-box; margin: 0px; padding: 0px; list-style: none;\">32T6175MHD</li></ul></li><li class=\"_1KuY3T row\" style=\"box-sizing: border-box; margin: 0px; padding: 0px 0px 16px; list-style: none; display: flex; flex-flow: row wrap; width: 731px;\"><div class=\"vmXPri col col-3-12\" style=\"box-sizing: border-box; margin: 0px; padding: 0px 8px 0px 0px; width: 182.75px; display: inline-block; vertical-align: top; color: rgb(135, 135, 135);\">Display Size</div><ul class=\"_3dG3ix col col-9-12\" style=\"box-sizing: border-box; margin-left: 0px; width: 548.25px; display: inline-block; vertical-align: top; line-height: 1.4;\"><li class=\"sNqDog\" style=\"box-sizing: border-box; margin: 0px; padding: 0px; list-style: none;\">81 cm (32)</li></ul></li><li class=\"_1KuY3T row\" style=\"box-sizing: border-box; margin: 0px; padding: 0px 0px 16px; list-style: none; display: flex; flex-flow: row wrap; width: 731px;\"><div class=\"vmXPri col col-3-12\" style=\"box-sizing: border-box; margin: 0px; padding: 0px 8px 0px 0px; width: 182.75px; display: inline-block; vertical-align: top; color: rgb(135, 135, 135);\">Screen Type</div><ul class=\"_3dG3ix col col-9-12\" style=\"box-sizing: border-box; margin-left: 0px; width: 548.25px; display: inline-block; vertical-align: top; line-height: 1.4;\"><li class=\"sNqDog\" style=\"box-sizing: border-box; margin: 0px; padding: 0px; list-style: none;\">LED</li></ul></li><li class=\"_1KuY3T row\" style=\"box-sizing: border-box; margin: 0px; padding: 0px 0px 16px; list-style: none; display: flex; flex-flow: row wrap; width: 731px;\"><div class=\"vmXPri col col-3-12\" style=\"box-sizing: border-box; margin: 0px; padding: 0px 8px 0px 0px; width: 182.75px; display: inline-block; vertical-align: top; color: rgb(135, 135, 135);\">HD Technology &amp; Resolutiontest</div><ul class=\"_3dG3ix col col-9-12\" style=\"box-sizing: border-box; margin-left: 0px; width: 548.25px; display: inline-block; vertical-align: top; line-height: 1.4;\"><li class=\"sNqDog\" style=\"box-sizing: border-box; margin: 0px; padding: 0px; list-style: none;\">HD Ready, 1366 x 768</li></ul></li></ul>', 'tv2.jpg', 'micromax main image.jpg', 'micromax main image.jpg', 1200, 'In Stock', '2024-04-21 16:54:35', ''),
(2, 4, 4, 'KODAK Smart TV', 'KODAK TV', 15000, 20000, '<h5><span style=\"font-weight: normal;\"><font color=\"#000000\"><font face=\"georgia\" size=\"4\">About Product:<br></font><font face=\"georgia\" size=\"4\">109.22 cm(43 inch) QLED 4K Ultra HD Goggle TV with Dolby Vision<br></font><font face=\"georgia\" size=\"4\">(2024 model)</font></font></span></h5>', 'Kodak TV.jpg', 'kodak TV back.jpg', 'kodak TV side.jpg', 0, 'In Stock', '2024-04-21 16:54:35', ''),
(3, 4, 4, 'Xiaomi Smart TV A 80 cm (32) HD Ready Smart Google LED TV L32MA-AIN (Black)', 'Xiaomi', 11999, 15000, '<br><div><h4><h5><pre><p><p><h6><ol><li class=\"a-spacing-mini\" style=\"box-sizing: border-box; list-style: disc; overflow-wrap: break-word; margin: 0px;\"><span class=\"a-list-item\" style=\"box-sizing: border-box; color: var(--__N4QdCheV6mGo,#0f1111); font-weight: normal;\"><font face=\"georgia\" size=\"3\">Resolution: HD Ready 1366 x 768 Pixels | Refresh Rate : 60 Hertz</font></span></li></ol><ol><li class=\"a-spacing-mini\" style=\"box-sizing: border-box; list-style: disc; overflow-wrap: break-word; margin: 0px;\"><span class=\"a-list-item\" style=\"box-sizing: border-box; color: var(--__N4QdCheV6mGo,#0f1111); font-weight: normal;\"><font face=\"georgia\" size=\"3\">Connectivity: Dual Band Wi-Fi | 2 HDMI ports to connect latest gaming consoles, set top box, Blu-ray Players | 2 USB ports to connect hard drives and other USB devices | ALLM | eARC | Bluetooth 5.0 | Optical | Ethernet</font></span></li></ol><ol><li class=\"a-spacing-mini\" style=\"box-sizing: border-box; list-style: disc; overflow-wrap: break-word; margin: 0px;\"><span class=\"a-list-item\" style=\"box-sizing: border-box; color: var(--__N4QdCheV6mGo,#0f1111); font-weight: normal;\"><font face=\"georgia\" size=\"3\">Sound: 20 Watts Output | Dolby Audio | DTS Virtual : X</font></span></li></ol><ol><li class=\"a-spacing-mini\" style=\"box-sizing: border-box; list-style: disc; overflow-wrap: break-word; margin: 0px;\"><span class=\"a-list-item\" style=\"box-sizing: border-box; color: var(--__N4QdCheV6mGo,#0f1111); font-weight: normal;\"><font face=\"georgia\" size=\"3\">Smart TV Features: Google TV | In-Built WiFi | Screen Mirroring | 1.5 GB RAM | 8 GB ROM | Supported Apps: Netflix, Prime Video, YouTube etc.| Voice Control ,Google Assistant Operation</font></span></li></ol><ol><li class=\"a-spacing-mini\" style=\"box-sizing: border-box; list-style: disc; overflow-wrap: break-word; margin: 0px;\"><span class=\"a-list-item\" style=\"box-sizing: border-box; color: var(--__N4QdCheV6mGo,#0f1111); font-weight: normal;\"><font face=\"georgia\" size=\"3\">Display: HD Ready | Vivid Picture Engine | ALLM</font></span></li></ol></h6></p></p></pre></h5></h4></div>', 'xiaomi TV.png', 'xiaomi back.jpeg', 'xiaomi side.jpg', 500, 'In Stock', '2024-04-21 16:54:35', ''),
(4, 4, 4, 'Samsung 80 cm (32 inches) HD Ready Smart LED TV UA32T4380AKXXL (Glossy Black)', 'Samsung', 12740, 18000, '<ul><li>3 GB RAM | 32 GB ROM | Expandable Upto 128 GB<br></li><li>5 inch Full HD Display<br></li><li>13MP Primary Camera | 8MP Front<br></li><li>4000 mAh Li-Polymer Battery<br></li><li>Qualcomm Snapdragon 430 Processor<br></li></ul>', 'sam TV.jpg', 'sam remote.jpg', 'sam back.jpg', 700, 'In Stock', '2024-04-21 16:54:35', ''),
(5, 4, 4, 'LG 80 cm (32 inches) HD Ready Smart LED TV 32LM563BPTC (Dark Iron Gray)', 'LG', 13490, 20000, '<ul><li class=\"a-spacing-mini\" style=\"box-sizing: border-box; list-style: disc; overflow-wrap: break-word; margin: 0px;\"><span class=\"a-list-item\" style=\"box-sizing: border-box; color: var(--__N4QdCheV6mGo,#0f1111);\"><font face=\"georgia\">Resolution: HD Ready (1366x768) | Refresh Rate: 50 hertz</font></span></li><li class=\"a-spacing-mini\" style=\"box-sizing: border-box; list-style: disc; overflow-wrap: break-word; margin: 0px;\"><span class=\"a-list-item\" style=\"box-sizing: border-box; color: var(--__N4QdCheV6mGo,#0f1111);\"><font face=\"georgia\">Connectivity: 2 HDMI ports to connect set top box, Blu Ray players, gaming console | 1 USB ports to connect hard drives and other USB devices</font></span></li><li class=\"a-spacing-mini\" style=\"box-sizing: border-box; list-style: disc; overflow-wrap: break-word; margin: 0px;\"><span class=\"a-list-item\" style=\"box-sizing: border-box; color: var(--__N4QdCheV6mGo,#0f1111);\"><font face=\"georgia\">Sound output: 10 Watts Output I 2 Speakers | DTS Virtual:X | Sound Type : Down Firing</font></span></li><li class=\"a-spacing-mini\" style=\"box-sizing: border-box; list-style: disc; overflow-wrap: break-word; margin: 0px;\"><span class=\"a-list-item\" style=\"box-sizing: border-box; color: var(--__N4QdCheV6mGo,#0f1111);\"><font face=\"georgia\">Smart TV Features: Web OS Smart TV | Wi-Fi | Home Dashboard | Screen Mirroring | Mini TV Browser | Multi-Tasking | Office 365, Set WXHXD (with Stand ) mm - 739 x 472 x 168</font></span></li><li class=\"a-spacing-mini\" style=\"box-sizing: border-box; list-style: disc; overflow-wrap: break-word; margin: 0px;\"><span class=\"a-list-item\" style=\"box-sizing: border-box; color: var(--__N4QdCheV6mGo,#0f1111);\"><font face=\"georgia\">Display: Active HDR | Display Type: Flat | BackLight Module: Slim LED</font></span></li></ul>', 'LG TV.jpg', 'lg detail.jpg', 'lg back.jpg', 500, 'In Stock', '2024-04-21 16:54:35', ''),
(6, 4, 4, 'Panasonic 80 cm (32 inches) HD Ready Smart LED Google TV TH32MS660DX (Black)', 'Panasonic', 14801, 20900, '<ul><li class=\"a-spacing-mini\" style=\"box-sizing: border-box; list-style: disc; overflow-wrap: break-word; margin: 0px;\"><span class=\"a-list-item\" style=\"box-sizing: border-box; color: var(--__N4QdCheV6mGo,#0f1111);\"><font face=\"georgia\">Resolution : HD Ready (1366 x 768) | Refresh Rate : 60 Hertz</font></span></li><li class=\"a-spacing-mini\" style=\"box-sizing: border-box; list-style: disc; overflow-wrap: break-word; margin: 0px;\"><span class=\"a-list-item\" style=\"box-sizing: border-box; color: var(--__N4QdCheV6mGo,#0f1111);\"><font face=\"georgia\">Connectivity: 2 HDMI ports to connect set top box, Blu-ray speakers or gaming console | 2 USB ports to connect hard drives or other USB devices | Bluetooth | Built-in Wi-Fi</font></span></li><li class=\"a-spacing-mini\" style=\"box-sizing: border-box; list-style: disc; overflow-wrap: break-word; margin: 0px;\"><span class=\"a-list-item\" style=\"box-sizing: border-box; color: var(--__N4QdCheV6mGo,#0f1111);\"><font face=\"georgia\">Sound: 20 Watts Output| Dolby Digital | Audio Booseter+</font></span></li><li class=\"a-spacing-mini\" style=\"box-sizing: border-box; list-style: disc; overflow-wrap: break-word; margin: 0px;\"><span class=\"a-list-item\" style=\"box-sizing: border-box; color: var(--__N4QdCheV6mGo,#0f1111);\"><font face=\"georgia\">Smart TV Features: Google TV| In-Built WiFi | Screen Mirroring | 1.5 GB RAM | 16 GB ROM | Supported Apps: Netflix, Prime Video, YouTube, Zee5, etc.</font></span></li><li class=\"a-spacing-mini\" style=\"box-sizing: border-box; list-style: disc; overflow-wrap: break-word; margin: 0px;\"><span class=\"a-list-item\" style=\"box-sizing: border-box; color: var(--__N4QdCheV6mGo,#0f1111);\"><font face=\"georgia\">Display: 2K HDR | Micro Dimming | Vivid Picture Engine.</font></span></li></ul>', 'panasonic tv.jpg', 'panasonic detail.jpg', 'panasonic remote.jpg', 35, 'In Stock', '2024-04-21 16:54:35', ''),
(7, 4, 4, 'Samsung 138 cm (55 inches) 4K Ultra HD Smart LED TV UA55DU7000KLXL (Black)', 'SAMSUNG', 50000, 60000, '<ul><li class=\"a-spacing-mini\" style=\"box-sizing: border-box; list-style: disc; overflow-wrap: break-word; margin: 0px;\"><span class=\"a-list-item\" style=\"box-sizing: border-box; color: var(--__N4QdCheV6mGo,#0f1111);\"><font face=\"georgia\">Resolution: 4K Ultra HD (3840 x 2160) Resolution |Refresh Rate : 50 Hertz</font></span></li><li class=\"a-spacing-mini\" style=\"box-sizing: border-box; list-style: disc; overflow-wrap: break-word; margin: 0px;\"><span class=\"a-list-item\" style=\"box-sizing: border-box; color: var(--__N4QdCheV6mGo,#0f1111);\"><font face=\"georgia\">Connectivity : 3 Hdmi Ports For Seamless Connectivity With External Devices | 1 X Usb-A Usb Ports To Connect Hard Drives Or Other Usb Devices |Wi-Fi | Bluetooth | Anynet+ (Hdmi-Cec)| Ethernet (Lan) Port| Rf In (Terrestrial / Cable Input / Satellite Input)</font></span></li><li class=\"a-spacing-mini\" style=\"box-sizing: border-box; list-style: disc; overflow-wrap: break-word; margin: 0px;\"><span class=\"a-list-item\" style=\"box-sizing: border-box; color: var(--__N4QdCheV6mGo,#0f1111);\"><font face=\"georgia\">Sound: 20W Output- 2CH | Powerful Speakers with Q-Symphony</font></span></li><li class=\"a-spacing-mini\" style=\"box-sizing: border-box; list-style: disc; overflow-wrap: break-word; margin: 0px;\"><span class=\"a-list-item\" style=\"box-sizing: border-box; color: var(--__N4QdCheV6mGo,#0f1111);\"><font face=\"georgia\">Smart TV Features : Web Browser | SmartThings Hub / Matter Hub / IoT-Sensor FuntionalityApple AirPlay | Daily+</font></span></li><li class=\"a-spacing-mini\" style=\"box-sizing: border-box; list-style: disc; overflow-wrap: break-word; margin: 0px;\"><span class=\"a-list-item\" style=\"box-sizing: border-box; color: var(--__N4QdCheV6mGo,#0f1111);\"><font face=\"georgia\">Display: Crystal Processor 4K | HDR | Support | Mega Contrast | UHD Dimming | Contrast Enhancer | Motion Xcelerator | 4K Upscaling | Filmmaker Mode</font></span></li></ul>', 'sam tv 2.jpg', 'sam tv 2 back.jpg', 'sam tv 2 side.jpg', 10000, 'In Stock', '2024-04-21 16:54:35', ''),
(8, 4, 4, 'TCL 139 cm (55 inches) 4K Ultra HD Smart QLED Google TV 55C61B (Black). Visit the TCL Store', 'TCL', 36990, 50000, '<ul><li class=\"a-spacing-mini\" style=\"box-sizing: border-box; list-style: disc; overflow-wrap: break-word; margin: 0px;\"><span class=\"a-list-item\" style=\"box-sizing: border-box; color: var(--__N4QdCheV6mGo,#0f1111);\"><font face=\"georgia\">Resolution: 4K Ultra HD (3840 x 2160) | Refresh Rate: DLG 120Hz | VRR 120Hz</font></span></li><li class=\"a-spacing-mini\" style=\"box-sizing: border-box; list-style: disc; overflow-wrap: break-word; margin: 0px;\"><span class=\"a-list-item\" style=\"box-sizing: border-box; color: var(--__N4QdCheV6mGo,#0f1111);\"><font face=\"georgia\">Connectivity: 3 HDMI Ports to connect set top box, Blu Ray players, gaming console | 1 USB ports to connect hard drive or other USB device | Ethernet | Wi-fi | Bluetooth | 1 Headphone output</font></span></li><li class=\"a-spacing-mini\" style=\"box-sizing: border-box; list-style: disc; overflow-wrap: break-word; margin: 0px;\"><span class=\"a-list-item\" style=\"box-sizing: border-box; color: var(--__N4QdCheV6mGo,#0f1111);\"><font face=\"georgia\">Sound: 35 Watts Output | DTS Virtual:X &amp;Dolby Atmos Audio System</font></span></li><li class=\"a-spacing-mini\" style=\"box-sizing: border-box; list-style: disc; overflow-wrap: break-word; margin: 0px;\"><span class=\"a-list-item\" style=\"box-sizing: border-box; color: var(--__N4QdCheV6mGo,#0f1111);\"><font face=\"georgia\">Smart TV Features: Google TV | 2 GB RAM+32 GB ROM| DLG 120 Hz | Multiple Eye Care | ONKYO 2.1 CH | T-Screen Pro | DTS Virtual:X |Hands Free Voice Control</font></span></li><li class=\"a-spacing-mini\" style=\"box-sizing: border-box; list-style: disc; overflow-wrap: break-word; margin: 0px;\"><span class=\"a-list-item\" style=\"box-sizing: border-box; color: var(--__N4QdCheV6mGo,#0f1111);\"><font face=\"georgia\">Display: QLED Pro TV| Google TV| Dolby Vision -Atmos | HDR 10+ |AiPQ Pro Processor| T-SCREEN- PRO|Slim and Uni-Body Design |MEMC</font></span></li></ul>', 'TCL TV.jpg', 'TCL TV detail.jpg', 'TCL TV back.jpg', 1000, 'In Stock', '2024-04-21 16:54:35', ''),
(17, 3, 8, 'Samsung 236 L, 3 Star, Convertible, Digital Inverter with Display Frost Free Double Door Refrigerator (RT28C3733S8/HL, Silver, Elegant Inox, 2024 Model)', 'Samsung', 26490, 40000, '<div><ul><li class=\"a-spacing-mini\" style=\"box-sizing: border-box; list-style: disc; overflow-wrap: break-word; margin: 0px;\"><span class=\"a-list-item\" style=\"box-sizing: border-box; color: var(--__N4QdCheV6mGo,#0f1111);\"><font face=\"georgia\">Frost Free Refrigerator: Auto Defrost with powerful cooling and long lasting freshness and performance. Manage your flexible storage needs with different convertible modes</font></span></li><li class=\"a-spacing-mini\" style=\"box-sizing: border-box; list-style: disc; overflow-wrap: break-word; margin: 0px;\"><span class=\"a-list-item\" style=\"box-sizing: border-box; color: var(--__N4QdCheV6mGo,#0f1111);\"><font face=\"georgia\">Capacity 236 liters: Suitable for families with 2 to 3 members</font></span></li><li class=\"a-spacing-mini\" style=\"box-sizing: border-box; list-style: disc; overflow-wrap: break-word; margin: 0px;\"><span class=\"a-list-item\" style=\"box-sizing: border-box; color: var(--__N4QdCheV6mGo,#0f1111);\"><font face=\"georgia\">Energy Rating : 3 Star Energy Efficiency</font></span></li><li class=\"a-spacing-mini\" style=\"box-sizing: border-box; list-style: disc; overflow-wrap: break-word; margin: 0px;\"><span class=\"a-list-item\" style=\"box-sizing: border-box; color: var(--__N4QdCheV6mGo,#0f1111);\"><font face=\"georgia\">Manufacturer Warranty : The product comes with a 1 year comprehensive warranty and a 20 years warranty on the digital inverter compressor</font></span></li><li class=\"a-spacing-mini\" style=\"box-sizing: border-box; list-style: disc; overflow-wrap: break-word; margin: 0px;\"><span class=\"a-list-item\" style=\"box-sizing: border-box; color: var(--__N4QdCheV6mGo,#0f1111);\"><font face=\"georgia\">Digital Inverter Compressor provides greater energy efficiency, less noise and long-lasting performance while consuming 50% less power, backed up by 20 year warranty</font></span></li><li class=\"a-spacing-mini\" style=\"box-sizing: border-box; list-style: disc; overflow-wrap: break-word; margin: 0px;\"><span class=\"a-list-item\" style=\"box-sizing: border-box; color: var(--__N4QdCheV6mGo,#0f1111);\"><font face=\"georgia\">Interior Description : Fresh Food Capacity : 183 Ltr | Freezer Capacity : 53 Ltr | Total no. of compartments : 2 | Shelves : 3 | Vegetable Drawers : 1 | Shelf Type : Toughened Glass Shelves | Anti Bacterial Gasket |</font></span></li></ul></div>', 'sam fridge.jpg', 'sam fridge detail.jpg', 'sam fridge ss.jpg', 1000, 'In Stock', '2024-04-21 16:54:35', ''),
(19, 3, 12, 'LG 242 L 3 Star Smart Inverter Frost-Free Double Door Refrigerator (GL-I292RPZX, Shiny Steel, Door Cooling+)', 'LG', 25990, 37099, '<ul style=\"box-sizing: border-box; margin-bottom: 0px; margin-left: 0px; color: rgb(33, 33, 33); font-size: 14px;\"><li class=\"a-spacing-mini\" style=\"box-sizing: border-box; list-style: disc; overflow-wrap: break-word; margin: 0px;\"><span class=\"a-list-item\" style=\"box-sizing: border-box; color: var(--__N4QdCheV6mGo,#0f1111);\"><font face=\"georgia\">Frost Free Double Refrigerator Less than 300 L: Auto defrost function to prevent ice-build up</font></span></li><li class=\"a-spacing-mini\" style=\"box-sizing: border-box; list-style: disc; overflow-wrap: break-word; margin: 0px;\"><span class=\"a-list-item\" style=\"box-sizing: border-box; color: var(--__N4QdCheV6mGo,#0f1111);\"><font face=\"georgia\">Capacity 242 ltrs: Suitable for families with 2 to 3 members I freezer capacity: 63 L; fresh food capacity: 179 L</font></span></li><li class=\"a-spacing-mini\" style=\"box-sizing: border-box; list-style: disc; overflow-wrap: break-word; margin: 0px;\"><span class=\"a-list-item\" style=\"box-sizing: border-box; color: var(--__N4QdCheV6mGo,#0f1111);\"><font face=\"georgia\">Energy Rating: 3 Star - energy efficiency</font></span></li><li class=\"a-spacing-mini\" style=\"box-sizing: border-box; list-style: disc; overflow-wrap: break-word; margin: 0px;\"><span class=\"a-list-item\" style=\"box-sizing: border-box; color: var(--__N4QdCheV6mGo,#0f1111);\"><font face=\"georgia\">Manufacturer warranty: 1 year on product; 10 years on compressor *T&amp;C</font></span></li><li class=\"a-spacing-mini\" style=\"box-sizing: border-box; list-style: disc; overflow-wrap: break-word; margin: 0px;\"><span class=\"a-list-item\" style=\"box-sizing: border-box; color: var(--__N4QdCheV6mGo,#0f1111);\"><font face=\"georgia\">Smart inverter compressor: energy efficient; less noise &amp; more durable</font></span></li><li class=\"a-spacing-mini\" style=\"box-sizing: border-box; list-style: disc; overflow-wrap: break-word; margin: 0px;\"><span class=\"a-list-item\" style=\"box-sizing: border-box; color: var(--__N4QdCheV6mGo,#0f1111);\"><font face=\"georgia\">Storage or Interior description: Shelf Type- Trimless Tempered Glass / adjustable shelves; No. of shelves: 03; Temperature Control- Knob I Micom; Vegetable tray with 29.1 ltr. Capacity; Movable; Double Twist (12 Ice cubes /tray); Tray Egg; Transparent Door Basket; Door Basket No (Full Size / Half Size) (Nos. : RL / RH) - 2+2; Anti-bacterial gasket; Anti Rat Bite (Cover)</font></span></li><li class=\"_1KuY3T row\" style=\"box-sizing: border-box; margin: 0px; padding: 0px 0px 16px; list-style: none; display: flex; flex-flow: wrap; width: 731px;\"><div class=\"vmXPri col col-3-12\" style=\"box-sizing: border-box; margin: 0px; padding: 0px 8px 0px 0px; width: 182.75px; display: inline-block; vertical-align: top; color: rgb(135, 135, 135);\"><br></div></li></ul>', 'LG fridge.jpg', 'Lg fridge detail.jpg', 'LG fridge front.jpg', 1000, 'In Stock', '2024-04-21 16:54:35', ''),
(20, 3, 8, 'Whirlpool 235 L 2 Star Frost Free Double Door Refrigerator (NEO DF278 PRM RADIANT STEEL(2S)-TL, 2024 Fridge Model)', 'Whirlpool', 21990, 30200, '<ul style=\"box-sizing: border-box; margin-bottom: 0px; margin-left: 0px; color: rgb(33, 33, 33); font-size: 14px;\"><li class=\"a-spacing-mini\" style=\"box-sizing: border-box; list-style: disc; overflow-wrap: break-word; margin: 0px;\"><span class=\"a-list-item\" style=\"box-sizing: border-box; color: var(--__N4QdCheV6mGo,#0f1111);\"><font face=\"georgia\">The star rating changes are as per BEE guidelines on 1st Jan 2023</font></span></li><li class=\"a-spacing-mini\" style=\"box-sizing: border-box; list-style: disc; overflow-wrap: break-word; margin: 0px;\"><span class=\"a-list-item\" style=\"box-sizing: border-box; color: var(--__N4QdCheV6mGo,#0f1111);\"><font face=\"georgia\">Frost Free Double Door Refrigerator : Intellisense Inverter Technology</font></span></li><li class=\"a-spacing-mini\" style=\"box-sizing: border-box; list-style: disc; overflow-wrap: break-word; margin: 0px;\"><span class=\"a-list-item\" style=\"box-sizing: border-box; color: var(--__N4QdCheV6mGo,#0f1111);\"><font face=\"georgia\">Capacity: 235 L suitable for medium-sized family</font></span></li><li class=\"a-spacing-mini\" style=\"box-sizing: border-box; list-style: disc; overflow-wrap: break-word; margin: 0px;\"><span class=\"a-list-item\" style=\"box-sizing: border-box; color: var(--__N4QdCheV6mGo,#0f1111);\"><font face=\"georgia\">Energy Rating : 2s with Toughened Glass</font></span></li><li class=\"a-spacing-mini\" style=\"box-sizing: border-box; list-style: disc; overflow-wrap: break-word; margin: 0px;\"><span class=\"a-list-item\" style=\"box-sizing: border-box; color: var(--__N4QdCheV6mGo,#0f1111);\"><font face=\"georgia\">Brand Features : Knob Inside Refrigerator, Get Ice In Up 85 Minutes, 40% Faster Bottle Cooling, Anti-Odour Action, Coldest Freezer As -24C, 99.9% Bacterial Growth Prevention, Inverter</font></span></li><li class=\"a-spacing-mini\" style=\"box-sizing: border-box; list-style: disc; overflow-wrap: break-word; margin: 0px;\"><span class=\"a-list-item\" style=\"box-sizing: border-box; color: var(--__N4QdCheV6mGo,#0f1111);\"><font face=\"georgia\">Special Feature : Stabilizer free operation even in high fluctuation voltage between (160 V - 300V)</font></span></li><li class=\"a-spacing-mini\" style=\"box-sizing: border-box; list-style: disc; overflow-wrap: break-word; margin: 0px;\"><span class=\"a-list-item\" style=\"box-sizing: border-box; color: var(--__N4QdCheV6mGo,#0f1111);\"><font face=\"georgia\">Storage &amp; Interior Description-Fresh food capacity : ?179 Ltr | Freezer capacity : 56 Ltr | Total no of drawers : 2 | Shelf Type : Toughened glass shelves |</font></span></li></ul>', 'whirpool fridge.jpg', 'whirpool detail.jpg', 'whirpool front.jpg', 1000, 'In Stock', '2024-04-21 16:54:35', ''),
(22, 3, 8, 'Samsung 215 L, 5 Star, Digital Inverter, Direct-Cool Single Door Refrigerator (RR23D2H359U/HL, Paradise Bloom Blue, Base Stand Drawer, 2024 Model)', 'Samsung', 19999, 30999, '<ul class=\"a-unordered-list a-vertical a-spacing-mini\" style=\"box-sizing: border-box; margin-bottom: 0px; margin-left: 18px; color: rgb(15, 17, 17); font-size: 14px;\"><li class=\"a-spacing-mini\" style=\"box-sizing: border-box; list-style: disc; overflow-wrap: break-word; margin: 0px;\"><span class=\"a-list-item\" style=\"box-sizing: border-box; color: var(--__N4QdCheV6mGo,#0f1111);\"><font face=\"georgia\">Direct cool refrigerator: stylish single door refrigerators for powerful cooling that can last longer with digi touch cool 5in1: | digital temperature control| auto express cooling| power cool| eco mode| e-defrost</font></span></li><li class=\"a-spacing-mini\" style=\"box-sizing: border-box; list-style: disc; overflow-wrap: break-word; margin: 0px;\"><span class=\"a-list-item\" style=\"box-sizing: border-box; color: var(--__N4QdCheV6mGo,#0f1111);\"><font face=\"georgia\">capacity 215 liters: suitable for families with 2 to 3 members</font></span></li><li class=\"a-spacing-mini\" style=\"box-sizing: border-box; list-style: disc; overflow-wrap: break-word; margin: 0px;\"><span class=\"a-list-item\" style=\"box-sizing: border-box; color: var(--__N4QdCheV6mGo,#0f1111);\"><font face=\"georgia\">energy rating : 5 star energy efficiency</font></span></li></ul>', 'sam single fridge.jpg', 'sam single detail.jpg', 'sam single dfg.jpg', 1000, 'In Stock', '2025-01-15 15:26:41', NULL),
(23, 3, 8, 'LG 185 L 5 Star Inverter Direct-Cool Single Door Refrigerator (GL-D201ABEU, Blue Euphoria, Base stand with drawer)', 'LG', 17490, 22199, '<ul class=\"a-unordered-list a-vertical a-spacing-mini\" style=\"box-sizing: border-box; margin-bottom: 0px; margin-left: 18px; color: rgb(15, 17, 17); font-size: 14px;\"><li class=\"a-spacing-mini\" style=\"box-sizing: border-box; list-style: disc; overflow-wrap: break-word; margin: 0px;\"><span class=\"a-list-item\" style=\"box-sizing: border-box; color: var(--__N4QdCheV6mGo,#0f1111);\"><font face=\"georgia\">Direct Cool Refrigerator: Economical and stylish Single Door Refrigerators for fast cooling that can last longer</font></span></li><li class=\"a-spacing-mini\" style=\"box-sizing: border-box; list-style: disc; overflow-wrap: break-word; margin: 0px;\"><span class=\"a-list-item\" style=\"box-sizing: border-box; color: var(--__N4QdCheV6mGo,#0f1111);\"><font face=\"georgia\">Capacity 185 litres: Suitable for families with 2 to 3 members/ Couples / Bachelors | Freezer capacity: 16L; Fresh food capacity: 169L</font></span></li><li class=\"a-spacing-mini\" style=\"box-sizing: border-box; list-style: disc; overflow-wrap: break-word; margin: 0px;\"><span class=\"a-list-item\" style=\"box-sizing: border-box; color: var(--__N4QdCheV6mGo,#0f1111);\"><font face=\"georgia\">Energy Rating: 5 Star - Best in class efficiency</font></span></li></ul>', 'lg single fridge.jpg', 'lg single sh.jpg', 'lg single detail.jpg', 1000, 'In Stock', '2025-01-15 15:31:58', NULL),
(24, 3, 8, 'Haier 358 L, 3 Star, Convertible 10-in-1 Triple Inverter & Fan Motor Technology, Frost Free Double Door Refrigerator (HEF-363TS-P, Inox Steel, 2024 Model)', 'Haier', 37489, 54990, '<ul class=\"a-unordered-list a-vertical a-spacing-mini\" style=\"box-sizing: border-box; margin-bottom: 0px; margin-left: 18px; color: rgb(15, 17, 17); font-size: 14px;\"><li class=\"a-spacing-mini\" style=\"box-sizing: border-box; list-style: disc; overflow-wrap: break-word; margin: 0px;\"><span class=\"a-list-item\" style=\"box-sizing: border-box; color: var(--__N4QdCheV6mGo,#0f1111);\"><font face=\"georgia\">Frost Free Refrigerator : Premium Auto Defrost Refrigerator with powerful cooling and long lasting freshness and performance with Convertible 10in1 &amp; Triple Inverter &amp; Fan Motor Technology</font></span></li><li class=\"a-spacing-mini\" style=\"box-sizing: border-box; list-style: disc; overflow-wrap: break-word; margin: 0px;\"><span class=\"a-list-item\" style=\"box-sizing: border-box; color: var(--__N4QdCheV6mGo,#0f1111);\"><font face=\"georgia\">Capacity 358 Litres: Suitable for families with 3 to 4 members | Freezer capacity: 74 Ltr , Fresh food capacity: 284 Ltr</font></span></li><li class=\"a-spacing-mini\" style=\"box-sizing: border-box; list-style: disc; overflow-wrap: break-word; margin: 0px;\"><span class=\"a-list-item\" style=\"box-sizing: border-box; color: var(--__N4QdCheV6mGo,#0f1111);\"><font face=\"georgia\">Energy Rating: 3 Stars - Energy Efficiency</font></span></li><li class=\"a-spacing-mini\" style=\"box-sizing: border-box; list-style: disc; overflow-wrap: break-word; margin: 0px;\"><span class=\"a-list-item\" style=\"box-sizing: border-box; color: var(--__N4QdCheV6mGo,#0f1111);\"><font face=\"georgia\">Manufacturer Warranty : The product comes with a 1 year comprehensive warranty and a 10 years warranty on the inverter compressor</font></span></li></ul>', 'haier fridge.jpg', 'haier fridge detail.jpg', 'haier fridge hus.jpg', 1000, 'Out of Stock', '2025-01-15 15:38:05', NULL),
(25, 3, 8, 'Haier 325 L, 3 Star, Convertible 14-in-1 Triple Inverter & Fan Motor Technology, with Display Frost Free Double Door Bottom Mount Refrigerator (HEB-333DS-P, Dazzle Steel, 2024 Model)', 'Haier', 34990, 50990, '<ul class=\"a-unordered-list a-vertical a-spacing-mini\" style=\"box-sizing: border-box; margin-bottom: 0px; margin-left: 18px; color: rgb(15, 17, 17); font-size: 14px;\"><li class=\"a-spacing-mini\" style=\"box-sizing: border-box; list-style: disc; overflow-wrap: break-word; margin: 0px;\"><span class=\"a-list-item\" style=\"box-sizing: border-box; color: var(--__N4QdCheV6mGo,#0f1111);\"><font face=\"georgia\">Frost Free Refrigerator : Premium Auto Defrost Refrigerator with powerful cooling and long lasting freshness and performance with Convertible 14in1 &amp; Triple Inverter &amp; Fan Motor Technology</font></span></li><li class=\"a-spacing-mini\" style=\"box-sizing: border-box; list-style: disc; overflow-wrap: break-word; margin: 0px;\"><span class=\"a-list-item\" style=\"box-sizing: border-box; color: var(--__N4QdCheV6mGo,#0f1111);\"><font face=\"georgia\">Capacity 325 Litres: Suitable for families with 3 to 4 members | Freezer capacity: 85 Ltr , Fresh food capacity: 240 Ltr</font></span></li><li class=\"a-spacing-mini\" style=\"box-sizing: border-box; list-style: disc; overflow-wrap: break-word; margin: 0px;\"><span class=\"a-list-item\" style=\"box-sizing: border-box; color: var(--__N4QdCheV6mGo,#0f1111);\"><font face=\"georgia\">Energy Rating: 3 Stars - Energy Efficiency</font></span></li></ul>', 'haier 2.jpg', 'haier detail.jpg', 'haier 22.jpg', 1000, 'In Stock', '2025-01-15 18:07:39', NULL),
(27, 3, 8, 'Whirlpool 184 L 2 Star Direct-Cool Single Door Refrigerator (205 WDE CLS 2S SHERRY WINE-Z, Red, 2023 Model)', 'Whirlpool', 11890, 17750, '<ul class=\"a-unordered-list a-vertical a-spacing-mini\" style=\"box-sizing: border-box; margin-bottom: 0px; margin-left: 18px; color: rgb(15, 17, 17); font-size: 14px;\"><li class=\"a-spacing-mini\" style=\"box-sizing: border-box; list-style: disc; overflow-wrap: break-word; margin: 0px;\"><span class=\"a-list-item\" style=\"box-sizing: border-box; color: var(--__N4QdCheV6mGo,#0f1111);\"><font face=\"georgia\">Single door refrigerator with Insulated Capillary Technology technology</font></span></li><li class=\"a-spacing-mini\" style=\"box-sizing: border-box; list-style: disc; overflow-wrap: break-word; margin: 0px;\"><span class=\"a-list-item\" style=\"box-sizing: border-box; color: var(--__N4QdCheV6mGo,#0f1111);\"><font face=\"georgia\">Capacity: 184 liters for families with 2-3 members</font></span></li><li class=\"a-spacing-mini\" style=\"box-sizing: border-box; list-style: disc; overflow-wrap: break-word; margin: 0px;\"><span class=\"a-list-item\" style=\"box-sizing: border-box; color: var(--__N4QdCheV6mGo,#0f1111);\"><font face=\"georgia\">Energy Rating - 2 Star energy efficiency</font></span></li><li class=\"a-spacing-mini\" style=\"box-sizing: border-box; list-style: disc; overflow-wrap: break-word; margin: 0px;\"><span class=\"a-list-item\" style=\"box-sizing: border-box; color: var(--__N4QdCheV6mGo,#0f1111);\"><font face=\"georgia\">1 year product warranty and 10 year compressor warranty</font></span></li></ul>', 'whirpool single.jpg', 'whir single jn.jpg', 'whirpool single detail.jpg', 1000, 'Out of Stock', '2025-01-15 18:23:44', NULL),
(28, 3, 8, 'Whirlpool 184 L 2 Star Direct-Cool Single Door Refrigerator (205 WDE PRM 2S SAPPHIRE BLOOM-Z, 2023 Model)', 'Whirlpool', 12890, 17000, '<ul class=\"a-unordered-list a-vertical a-spacing-mini\" style=\"box-sizing: border-box; margin-bottom: 0px; margin-left: 18px; color: rgb(15, 17, 17); font-size: 14px;\"><li class=\"a-spacing-mini\" style=\"box-sizing: border-box; list-style: disc; overflow-wrap: break-word; margin: 0px;\"><span class=\"a-list-item\" style=\"box-sizing: border-box; color: var(--__N4QdCheV6mGo,#0f1111);\"><font face=\"georgia\">Single door refrigerator with Insulated Capillary Technology</font></span></li><li class=\"a-spacing-mini\" style=\"box-sizing: border-box; list-style: disc; overflow-wrap: break-word; margin: 0px;\"><span class=\"a-list-item\" style=\"box-sizing: border-box; color: var(--__N4QdCheV6mGo,#0f1111);\"><font face=\"georgia\">Capacity: 184 liters for families with 2-3 members</font></span></li><li class=\"a-spacing-mini\" style=\"box-sizing: border-box; list-style: disc; overflow-wrap: break-word; margin: 0px;\"><span class=\"a-list-item\" style=\"box-sizing: border-box; color: var(--__N4QdCheV6mGo,#0f1111);\"><font face=\"georgia\">Energy Rating - 2 Star energy efficiency</font></span></li><li class=\"a-spacing-mini\" style=\"box-sizing: border-box; list-style: disc; overflow-wrap: break-word; margin: 0px;\"><span class=\"a-list-item\" style=\"box-sizing: border-box; color: var(--__N4QdCheV6mGo,#0f1111);\"><font face=\"georgia\">1 year product warranty and 10 year compressor</font></span></li><li class=\"a-spacing-mini\" style=\"box-sizing: border-box; list-style: disc; overflow-wrap: break-word; margin: 0px;\"><span class=\"a-list-item\" style=\"box-sizing: border-box; color: var(--__N4QdCheV6mGo,#0f1111);\"><font face=\"georgia\">Insulated Capillary Technology-In Insulated Capillary Technology, the capillary which carries the refrigerant from the compressor to the freezer is surrounded by super cold gas leading to benefits such better compressor efficiency, faster cooling and 9 Hours* cooling retention in the refrigerator.</font></span></li><li class=\"a-spacing-mini\" style=\"box-sizing: border-box; list-style: disc; overflow-wrap: break-word; margin: 0px;\"><span class=\"a-list-item\" style=\"box-sizing: border-box; color: var(--__N4QdCheV6mGo,#0f1111);\"><font face=\"georgia\">Special Feature - Stabilizer free operations even in high voltage fluctuations between (130V - 300V)</font></span></li></ul>', 'whir single 2.jpg', 'whir 2.jpg', 'whir22.jpg', 1000, 'In Stock', '2025-01-15 18:39:29', NULL),
(29, 3, 8, 'Godrej 308 L 2 Star Nano Shield Technology Inverter Frost Free Double Door Vibe Refrigerator (2024 Model, RF EON 331B RCIT ST RH, Steel Rush)', 'Godrej', 29990, 48090, '<ul class=\"a-unordered-list a-vertical a-spacing-mini\" style=\"box-sizing: border-box; margin-bottom: 0px; margin-left: 18px; color: rgb(15, 17, 17); font-size: 14px;\"><li class=\"a-spacing-mini\" style=\"box-sizing: border-box; list-style: disc; overflow-wrap: break-word; margin: 0px;\"><span class=\"a-list-item\" style=\"box-sizing: border-box; color: var(--__N4QdCheV6mGo,#0f1111);\"><font face=\"georgia\">Capacity 308 L: Suitable for families with 3 to 4 members | Freezer capacity: 65 L, Fresh food capacity: 243 L</font></span></li><li class=\"a-spacing-mini\" style=\"box-sizing: border-box; list-style: disc; overflow-wrap: break-word; margin: 0px;\"><span class=\"a-list-item\" style=\"box-sizing: border-box; color: var(--__N4QdCheV6mGo,#0f1111);\"><font face=\"georgia\">Energy Efficiency: 2 Star : Energy Efficiency (Please refer energy label on product page or contact brand for more details), Annual energy consumption 276 KW per hour</font></span></li><li class=\"a-spacing-mini\" style=\"box-sizing: border-box; list-style: disc; overflow-wrap: break-word; margin: 0px;\"><span class=\"a-list-item\" style=\"box-sizing: border-box; color: var(--__N4QdCheV6mGo,#0f1111);\"><font face=\"georgia\">Manufacturer Warranty: 10 Years Compressor Warranty, 1 Year Comprehensive Warranty</font></span></li><li class=\"a-spacing-mini\" style=\"box-sizing: border-box; list-style: disc; overflow-wrap: break-word; margin: 0px;\"><span class=\"a-list-item\" style=\"box-sizing: border-box; color: var(--__N4QdCheV6mGo,#0f1111);\"><font face=\"georgia\">Inverter compressor with Intelligent Inverter Technology: An intelligent and energy efficient inverter compressor, which is not only quieter but is also a variable speed compressor, as it adjusts the cooling as per the refrigerator operation</font></span></li></ul>', 'godrej.jpg', 'godrej gh.jpg', 'godrej detail.jpg', 1000, 'In Stock', '2025-01-15 18:43:50', NULL),
(30, 3, 8, 'Godrej 238 L 3 Star With 95%+ Food Surface Disinfection with Nano Shield Technology Inverter Frost Free Double Door Refrigerator Appliance (RF EON 253C RI ST GL, Steel Glow)', 'Godrej', 23490, 33990, '<ul class=\"a-unordered-list a-vertical a-spacing-mini\" style=\"box-sizing: border-box; margin-bottom: 0px; margin-left: 18px; color: rgb(15, 17, 17); font-size: 14px;\"><li class=\"a-spacing-mini\" style=\"box-sizing: border-box; list-style: disc; overflow-wrap: break-word; margin: 0px;\"><span class=\"a-list-item\" style=\"box-sizing: border-box; color: var(--__N4QdCheV6mGo,#0f1111);\"><font face=\"georgia\">Frost Free Refrigerator : Auto defrost function to prevent ice-build up</font></span></li><li class=\"a-spacing-mini\" style=\"box-sizing: border-box; list-style: disc; overflow-wrap: break-word; margin: 0px;\"><span class=\"a-list-item\" style=\"box-sizing: border-box; color: var(--__N4QdCheV6mGo,#0f1111);\"><font face=\"georgia\">Capacity 238 L : Suitable for families with 2 to 3 members</font></span></li><li class=\"a-spacing-mini\" style=\"box-sizing: border-box; list-style: disc; overflow-wrap: break-word; margin: 0px;\"><span class=\"a-list-item\" style=\"box-sizing: border-box; color: var(--__N4QdCheV6mGo,#0f1111);\"><font face=\"georgia\">Energy Efficiency: 3 star : Energy Efficiency (Please refer energy label on product page or contact brand for more details)</font></span></li><li class=\"a-spacing-mini\" style=\"box-sizing: border-box; list-style: disc; overflow-wrap: break-word; margin: 0px;\"><span class=\"a-list-item\" style=\"box-sizing: border-box; color: var(--__N4QdCheV6mGo,#0f1111);\"><font face=\"georgia\">Manufacturer Warranty: 10 Years Compressor Warranty, 1 Year Comprehensive Warranty</font></span></li></ul>', 'godrej 2.jpg', 'godrej 22.jpg', 'godrej 222.jpg', 1000, 'In Stock', '2025-01-15 18:47:45', NULL),
(31, 4, 4, 'VW 80 cm (32 inches) Pro Series HD Ready Smart QLED Google TV VW32GQ1 (Black)', 'VW', 8999, 15999, '<ul class=\"a-unordered-list a-vertical a-spacing-mini\" style=\"box-sizing: border-box; margin-bottom: 0px; margin-left: 18px; color: rgb(15, 17, 17); font-size: 14px;\"><li class=\"a-spacing-mini\" style=\"box-sizing: border-box; list-style: disc; overflow-wrap: break-word; margin: 0px;\"><span class=\"a-list-item\" style=\"box-sizing: border-box; color: var(--__N4QdCheV6mGo,#0f1111);\"><font face=\"georgia\">Resolution: HD Ready (1366x768) | Refresh Rate: 60 Hertz | 178 Degree wide viewing angle</font></span></li><li class=\"a-spacing-mini\" style=\"box-sizing: border-box; list-style: disc; overflow-wrap: break-word; margin: 0px;\"><span class=\"a-list-item\" style=\"box-sizing: border-box; color: var(--__N4QdCheV6mGo,#0f1111);\"><font face=\"georgia\">Connectivity: Dual band Wifi | Bluetooth 5.0 | AV, RF, Ethernet, headphone×1 | HDMI Ports 1.4 x 2 to connect personal computer, laptop, set top box, gaming console | USB 2.0x1 to connect hard drives or other USB device</font></span></li><li class=\"a-spacing-mini\" style=\"box-sizing: border-box; list-style: disc; overflow-wrap: break-word; margin: 0px;\"><span class=\"a-list-item\" style=\"box-sizing: border-box; color: var(--__N4QdCheV6mGo,#0f1111);\"><font face=\"georgia\">Sound: 30 Watts Output | High Fidelity Speakers with Dolby Audio | 5 Sound Modes - Standard, Speech, Music, Stadium, User</font></span></li><li class=\"a-spacing-mini\" style=\"box-sizing: border-box; list-style: disc; overflow-wrap: break-word; margin: 0px;\"><span class=\"a-list-item\" style=\"box-sizing: border-box; color: var(--__N4QdCheV6mGo,#0f1111);\"><font face=\"georgia\">Smart TV Features: Google TV with Android 14 | Content Recommendations | Dual Band WiFi | Bluetooth 5.0 | Casting option- Googlecast, Fastcast, Meeting mode | 1.5GB RAM | 16GB Storage | Watchlist | Personal Profile | Kids Profile | Google Assistant | Voice enabled Smart Remote | Hotkeys for Quick Access - Netflix, Prime Video, YouTube, Disney+Hotstar | Quad Core Processor | Screen Saver</font></span></li></ul>', 'vw tv.jpg', 'vw tv detail.jpg', 'vw tvv.jpg', 1000, 'In Stock', '2025-01-16 14:58:09', NULL),
(32, 4, 4, 'Resolution: HD Ready (1366x768) | Refresh Rate: 60 Hertz | 178 Degree wide viewing angle Connectivity: Dual band Wifi | Bluetooth 5.0 | AV, RF, Ethernet, headphone×1 | HDMI Ports 1.4 x 2 to connect personal computer, laptop, set top box, gaming console | ', 'Acer', 12499, 24999, '<ul class=\"a-unordered-list a-vertical a-spacing-mini\" style=\"box-sizing: border-box; margin-bottom: 0px; margin-left: 18px; color: rgb(15, 17, 17); font-size: 14px;\"><li class=\"a-spacing-mini\" style=\"box-sizing: border-box; list-style: disc; overflow-wrap: break-word; margin: 0px;\"><span class=\"a-list-item\" style=\"box-sizing: border-box; color: var(--__N4QdCheV6mGo,#0f1111);\"><font face=\"georgia\">Resolution: QLED | HD Ready (1366x768) | Refresh Rate: 60 Hertz | 178 Degree wide viewing angle</font></span></li><li class=\"a-spacing-mini\" style=\"box-sizing: border-box; list-style: disc; overflow-wrap: break-word; margin: 0px;\"><span class=\"a-list-item\" style=\"box-sizing: border-box; color: var(--__N4QdCheV6mGo,#0f1111);\"><font face=\"georgia\">Connectivity: Dual band Wifi | Bluetooth 5.0 | AV, RF, Ethernet, headphone×1 | HDMI Ports 1.4 x 2 to connect personal computer, laptop, set top box, gaming console | USB 2.0x1 to connect hard drives or other USB device</font></span></li><li class=\"a-spacing-mini\" style=\"box-sizing: border-box; list-style: disc; overflow-wrap: break-word; margin: 0px;\"><span class=\"a-list-item\" style=\"box-sizing: border-box; color: var(--__N4QdCheV6mGo,#0f1111);\"><font face=\"georgia\">Sound: 30 Watts Output | High Fidelity Speakers with Dolby Audio | ARC | 5 Sound Modes - Standard, Speech, Music, Stadium, User</font></span></li><li class=\"a-spacing-mini\" style=\"box-sizing: border-box; list-style: disc; overflow-wrap: break-word; margin: 0px;\"><span class=\"a-list-item\" style=\"box-sizing: border-box; color: var(--__N4QdCheV6mGo,#0f1111);\"><font face=\"georgia\">Smart TV Features: Google TV with Android 14 | Content Recommendations | Dual Band WiFi | Bluetooth 5.0 | Casting option- Googlecast, Fastcast, Meeting mode | 1.5GB RAM | 16GB Storage | Watchlist | Personal Profile | Kids Profile | Google Assistant | Voice enabled Smart Remote | Hotkeys for Quick Access - Netflix, Prime Video, YouTube, Disney+Hotstar | Quad Core Processor | Screen Saver |</font></span></li></ul>', 'acer tv.jpg', 'acer tv detail.jpg', 'acerr.jpg', 1000, 'In Stock', '2025-01-16 15:02:04', NULL),
(33, 5, 9, 'Whirlpool 6.5 Kg 5 Star StainWash Royal Plus Fully Automatic Top Load Washing Machine (SW ROYAL PLUS 6.5 (H) GREY 10YMW with In-Built Heater)', 'Whirlpool', 15999, 20000, '<ul class=\"a-unordered-list a-vertical a-spacing-mini\" style=\"box-sizing: border-box; margin-bottom: 0px; margin-left: 18px; color: rgb(15, 17, 17); font-size: 14px;\"><li class=\"a-spacing-mini\" style=\"box-sizing: border-box; list-style: disc; overflow-wrap: break-word; margin: 0px;\"><span class=\"a-list-item\" style=\"box-sizing: border-box; color: var(--__N4QdCheV6mGo,#0f1111);\"><font face=\"georgia\">Fully Automatic top load washing machine : Affordable with best wash quality and easy to use with In-Built Heater</font></span></li><li class=\"a-spacing-mini\" style=\"box-sizing: border-box; list-style: disc; overflow-wrap: break-word; margin: 0px;\"><span class=\"a-list-item\" style=\"box-sizing: border-box; color: var(--__N4QdCheV6mGo,#0f1111);\"><font face=\"georgia\">Capacity: 6.5 kg (Suitable for Small to Medium sized family)</font></span></li><li class=\"a-spacing-mini\" style=\"box-sizing: border-box; list-style: disc; overflow-wrap: break-word; margin: 0px;\"><span class=\"a-list-item\" style=\"box-sizing: border-box; color: var(--__N4QdCheV6mGo,#0f1111);\"><font face=\"georgia\">Energy star rating 5 Star: Best in class efficiency, Annual energy consumption: 0.0104 KWh/kg/cycle</font></span></li><li class=\"a-spacing-mini\" style=\"box-sizing: border-box; list-style: disc; overflow-wrap: break-word; margin: 0px;\"><span class=\"a-list-item\" style=\"box-sizing: border-box; color: var(--__N4QdCheV6mGo,#0f1111);\"><font face=\"georgia\">Special Feature : In-built heater, Removes Up To 50 Tough Stains, 3 Hot Water Modes, Removes Up To 48 Hour Old Stains,</font></span></li><li class=\"a-spacing-mini\" style=\"box-sizing: border-box; list-style: disc; overflow-wrap: break-word; margin: 0px;\"><span class=\"a-list-item\" style=\"box-sizing: border-box; color: var(--__N4QdCheV6mGo,#0f1111);\"><font face=\"georgia\">Additional Features: Hard Water Wash Program, ZPF Technology, Express Wash, Delay Wash, Auto Tub Clean, Spiro Wash</font></span></li></ul>', 'whirpool wm.jpg', 'whirpool wm detail.jpg', 'whirpool wm jd.jpg', 1000, 'In Stock', '2025-01-16 15:07:43', NULL),
(34, 5, 9, 'Godrej 7 Kg 5 Star I-Wash Technology Fully Automatic Top Load Washing Machine (WTEON 700 5.0 AP GPGR, Graphite Grey, With Toughened Glass Lid)', 'Godrej', 13790, 19890, '<ul class=\"a-unordered-list a-vertical a-spacing-mini\" style=\"box-sizing: border-box; margin-bottom: 0px; margin-left: 18px; color: rgb(15, 17, 17); font-size: 14px;\"><li class=\"a-spacing-mini\" style=\"box-sizing: border-box; list-style: disc; overflow-wrap: break-word; margin: 0px;\"><span class=\"a-list-item\" style=\"box-sizing: border-box; color: var(--__N4QdCheV6mGo,#0f1111);\"><font face=\"georgia\">Fully-automatic top load washing machine: Affordable with great wash quality, Easy to use</font></span></li><li class=\"a-spacing-mini\" style=\"box-sizing: border-box; list-style: disc; overflow-wrap: break-word; margin: 0px;\"><span class=\"a-list-item\" style=\"box-sizing: border-box; color: var(--__N4QdCheV6mGo,#0f1111);\"><font face=\"georgia\">Capacity 7 kg: Suitable for 3 – 4 members</font></span></li><li class=\"a-spacing-mini\" style=\"box-sizing: border-box; list-style: disc; overflow-wrap: break-word; margin: 0px;\"><span class=\"a-list-item\" style=\"box-sizing: border-box; color: var(--__N4QdCheV6mGo,#0f1111);\"><font face=\"georgia\">Energy Rating: 5 Star - Best in class efficiency, ensuring reduced electricity consumption</font></span></li><li class=\"a-spacing-mini\" style=\"box-sizing: border-box; list-style: disc; overflow-wrap: break-word; margin: 0px;\"><span class=\"a-list-item\" style=\"box-sizing: border-box; color: var(--__N4QdCheV6mGo,#0f1111);\"><font face=\"georgia\">Warranty : 10 Year Warranty on Wash Motor and 2 year Warranty on product</font></span></li><li class=\"a-spacing-mini\" style=\"box-sizing: border-box; list-style: disc; overflow-wrap: break-word; margin: 0px;\"><span class=\"a-list-item\" style=\"box-sizing: border-box; color: var(--__N4QdCheV6mGo,#0f1111);\"><font face=\"georgia\">700 RPM : Higher spin speed helps in better water extraction from the clothes during the spin cycle, resulting in faster drying</font></span></li><li class=\"a-spacing-mini\" style=\"box-sizing: border-box; list-style: disc; overflow-wrap: break-word; margin: 0px;\"><span class=\"a-list-item\" style=\"box-sizing: border-box; color: var(--__N4QdCheV6mGo,#0f1111);\"><font face=\"georgia\">Wash Programs: 5 wash program - Strong , Auto , Rinse only , Spin only , Rinse | Panel – touch panel</font></span></li></ul>', 'godrej wm.jpg', 'godrej wm detai.jpg', 'godrej wm jsb.jpg', 1000, 'In Stock', '2025-01-16 15:11:51', NULL);
INSERT INTO `products` (`id`, `category`, `subCategory`, `productName`, `productCompany`, `productPrice`, `productPriceBeforeDiscount`, `productDescription`, `productImage1`, `productImage2`, `productImage3`, `shippingCharge`, `productAvailability`, `postingDate`, `updationDate`) VALUES
(36, 5, 9, 'Whirlpool 6 Kg 5 Star Royal Fully-Automatic Top Loading Washing Machine (WHITEMAGIC ROYAL 6 GENX, Grey, ZPF Technology)', 'Whirlpool', 13490, 16700, '<ul class=\"a-unordered-list a-vertical a-spacing-mini\" style=\"box-sizing: border-box; margin-bottom: 0px; margin-left: 18px; color: rgb(15, 17, 17); font-size: 14px;\"><li class=\"a-spacing-mini\" style=\"box-sizing: border-box; list-style: disc; overflow-wrap: break-word; margin: 0px;\"><span class=\"a-list-item\" style=\"box-sizing: border-box; color: var(--__N4QdCheV6mGo,#0f1111);\"><font face=\"georgia\">Washing Machine Fully Automatic top load washing machine : Affordable with best wash quality and easy to use with ZPF Technology</font></span></li><li class=\"a-spacing-mini\" style=\"box-sizing: border-box; list-style: disc; overflow-wrap: break-word; margin: 0px;\"><span class=\"a-list-item\" style=\"box-sizing: border-box; color: var(--__N4QdCheV6mGo,#0f1111);\"><font face=\"georgia\">Capacity:6 kg (Suitable for Small to Medium sized family)</font></span></li><li class=\"a-spacing-mini\" style=\"box-sizing: border-box; list-style: disc; overflow-wrap: break-word; margin: 0px;\"><span class=\"a-list-item\" style=\"box-sizing: border-box; color: var(--__N4QdCheV6mGo,#0f1111);\"><font face=\"georgia\">Energy star rating 5 Star: Best in class efficiency</font></span></li><li class=\"a-spacing-mini\" style=\"box-sizing: border-box; list-style: disc; overflow-wrap: break-word; margin: 0px;\"><span class=\"a-list-item\" style=\"box-sizing: border-box; color: var(--__N4QdCheV6mGo,#0f1111);\"><font face=\"georgia\">Manufacturer Warranty :2 years on product, 3+ years on motor</font></span></li><li class=\"a-spacing-mini\" style=\"box-sizing: border-box; list-style: disc; overflow-wrap: break-word; margin: 0px;\"><span class=\"a-list-item\" style=\"box-sizing: border-box; color: var(--__N4QdCheV6mGo,#0f1111);\"><font face=\"georgia\">Motor : 740 RPM ; Higher spin speed helps in faster drying</font></span></li><li class=\"a-spacing-mini\" style=\"box-sizing: border-box; list-style: disc; overflow-wrap: break-word; margin: 0px;\"><span class=\"a-list-item\" style=\"box-sizing: border-box; color: var(--__N4QdCheV6mGo,#0f1111);\"><font face=\"georgia\">8 Wash Programs : Normal | Heavy | Whites | Dry | Express Wash | Eco Wash | Rinse + Dry | Aqua Store</font></span></li><li class=\"a-spacing-mini\" style=\"box-sizing: border-box; list-style: disc; overflow-wrap: break-word; margin: 0px;\"><span class=\"a-list-item\" style=\"box-sizing: border-box; color: var(--__N4QdCheV6mGo,#0f1111);\"><font face=\"georgia\">Drum / Pulsator type &amp; Body material:Steel</font></span></li></ul>', 'whirpool wm 2.jpg', 'whirpool wm 22.jpg', 'whirpool wm 222.jpg', 1000, 'Out of Stock', '2025-01-16 15:31:23', NULL),
(37, 5, 9, 'Panasonic 6 Kg 4 Star Fully-Automatic Top Load Washing Machine ( NA-F60LF1HRB, Grey, Durable Metal Body, 8 Wash Program, Aquabeat wash technology, One touch smart wash)', 'Panasonic', 12990, 20000, '<ul class=\"a-unordered-list a-vertical a-spacing-mini\" style=\"box-sizing: border-box; margin-bottom: 0px; margin-left: 18px; color: rgb(15, 17, 17); font-size: 14px;\"><li class=\"a-spacing-mini\" style=\"box-sizing: border-box; list-style: disc; overflow-wrap: break-word; margin: 0px;\"><span class=\"a-list-item\" style=\"box-sizing: border-box; color: var(--__N4QdCheV6mGo,#0f1111);\"><font face=\"georgia\">Fully-automatic top load washing machine: Affordable with great wash quality, Easy to use</font></span></li><li class=\"a-spacing-mini\" style=\"box-sizing: border-box; list-style: disc; overflow-wrap: break-word; margin: 0px;\"><span class=\"a-list-item\" style=\"box-sizing: border-box; color: var(--__N4QdCheV6mGo,#0f1111);\"><font face=\"georgia\">Capacity 6 Kg: Suitable for bachelors &amp; couples.</font></span></li><li class=\"a-spacing-mini\" style=\"box-sizing: border-box; list-style: disc; overflow-wrap: break-word; margin: 0px;\"><span class=\"a-list-item\" style=\"box-sizing: border-box; color: var(--__N4QdCheV6mGo,#0f1111);\"><font face=\"georgia\">4 Star: Best in class efficiency</font></span></li><li class=\"a-spacing-mini\" style=\"box-sizing: border-box; list-style: disc; overflow-wrap: break-word; margin: 0px;\"><span class=\"a-list-item\" style=\"box-sizing: border-box; color: var(--__N4QdCheV6mGo,#0f1111);\"><font face=\"georgia\">Manufacturer Warranty: 2 years on product and 10 years on Motor</font></span></li><li class=\"a-spacing-mini\" style=\"box-sizing: border-box; list-style: disc; overflow-wrap: break-word; margin: 0px;\"><span class=\"a-list-item\" style=\"box-sizing: border-box; color: var(--__N4QdCheV6mGo,#0f1111);\"><font face=\"georgia\">680 RPM: Higher the Spin speed, lower the drying time</font></span></li><li class=\"a-spacing-mini\" style=\"box-sizing: border-box; list-style: disc; overflow-wrap: break-word; margin: 0px;\"><span class=\"a-list-item\" style=\"box-sizing: border-box; color: var(--__N4QdCheV6mGo,#0f1111);\"><font face=\"georgia\">Customised 8 Wash Programs as per fabric type. Magic Filters in the washer is to effectively trap dirt while washing the clothes,so every loads of cloth come out perfectly dirt-free.</font></span></li><li class=\"a-spacing-mini\" style=\"box-sizing: border-box; list-style: disc; overflow-wrap: break-word; margin: 0px;\"><span class=\"a-list-item\" style=\"box-sizing: border-box; color: var(--__N4QdCheV6mGo,#0f1111);\"><font face=\"georgia\">Rustproof Durable Metal Body with stainless steel drum</font></span></li></ul>', 'pana wm.jpg', 'pana wm 2.jpg', 'pana wm 22.jpg', 1000, 'In Stock', '2025-01-16 16:15:43', NULL),
(38, 5, 9, 'Samsung 7.5 Kg Inverter 5 Star Semi Automatic Top Load Washing Machine (WT75B3200RR/TL, Light Grey & Red Base, Air turbo drying)', 'Samsung', 11490, 15800, '<ul class=\"a-unordered-list a-vertical a-spacing-mini\" style=\"box-sizing: border-box; margin-bottom: 0px; margin-left: 18px; color: rgb(15, 17, 17); font-size: 14px;\"><li class=\"a-spacing-mini\" style=\"box-sizing: border-box; list-style: disc; overflow-wrap: break-word; margin: 0px;\"><span class=\"a-list-item\" style=\"box-sizing: border-box; color: var(--__N4QdCheV6mGo,#0f1111);\"><font face=\"georgia\">Semi-automatic top-loading washing machine; 7.5 kg capacity</font></span></li><li class=\"a-spacing-mini\" style=\"box-sizing: border-box; list-style: disc; overflow-wrap: break-word; margin: 0px;\"><span class=\"a-list-item\" style=\"box-sizing: border-box; color: var(--__N4QdCheV6mGo,#0f1111);\"><font face=\"georgia\">Energy Rating: 5 Star</font></span></li><li class=\"a-spacing-mini\" style=\"box-sizing: border-box; list-style: disc; overflow-wrap: break-word; margin: 0px;\"><span class=\"a-list-item\" style=\"box-sizing: border-box; color: var(--__N4QdCheV6mGo,#0f1111);\"><font face=\"georgia\">Warranty: 2 years comprehensive on product and 2 years on motor</font></span></li><li class=\"a-spacing-mini\" style=\"box-sizing: border-box; list-style: disc; overflow-wrap: break-word; margin: 0px;\"><span class=\"a-list-item\" style=\"box-sizing: border-box; color: var(--__N4QdCheV6mGo,#0f1111);\"><font face=\"georgia\">Capacity 7.5 kg: Suitable for families with 4 to 5 members</font></span></li><li class=\"a-spacing-mini\" style=\"box-sizing: border-box; list-style: disc; overflow-wrap: break-word; margin: 0px;\"><span class=\"a-list-item\" style=\"box-sizing: border-box; color: var(--__N4QdCheV6mGo,#0f1111);\"><font face=\"georgia\">Special features: digital inverter technology, child lock, delay end, magic dispenser, eco tub clean, air turbo, big wheel</font></span></li></ul>', 'SAM WM 1.jpg', 'sam wm 11.jpg', 'sam wm 111.jpg', 1000, 'In Stock', '2025-01-16 16:19:14', NULL),
(39, 5, 9, 'LG 7 Kg, 5 Star, Direct Drive Technology, Steam Wash, 6 Motion DD, Fully-Automatic Front Load Washing Machine (FHB1207Z2M, Allergy Care, In-Built Heater, Touch Panel, 2024 model, Middle Black)', 'LG', 29990, 44490, '<ul class=\"a-unordered-list a-vertical a-spacing-mini\" style=\"box-sizing: border-box; margin-bottom: 0px; margin-left: 18px; color: rgb(15, 17, 17); font-size: 14px;\"><li class=\"a-spacing-mini\" style=\"box-sizing: border-box; list-style: disc; overflow-wrap: break-word; margin: 0px;\"><span class=\"a-list-item\" style=\"box-sizing: border-box; color: var(--__N4QdCheV6mGo,#0f1111);\"><font face=\"georgia\">Fully-automatic front load washing machine with Hygiene Steam/direct-drive technology: Best Wash Quality, Energy and Water efficient</font></span></li><li class=\"a-spacing-mini\" style=\"box-sizing: border-box; list-style: disc; overflow-wrap: break-word; margin: 0px;\"><span class=\"a-list-item\" style=\"box-sizing: border-box; color: var(--__N4QdCheV6mGo,#0f1111);\"><font face=\"georgia\">Capacity 7 kg: Suitable for 3 – 4 members | Inlet water pressure must be between 50 kPa and 800 kPa</font></span></li><li class=\"a-spacing-mini\" style=\"box-sizing: border-box; list-style: disc; overflow-wrap: break-word; margin: 0px;\"><span class=\"a-list-item\" style=\"box-sizing: border-box; color: var(--__N4QdCheV6mGo,#0f1111);\"><font face=\"georgia\">Energy Star rating: 5 Star best in class efficiency; Energy consumption – 0.06 KWh/kg/cycle &amp; Water Consumption: 8.6 L/Kg/Cycle (Please refer BEE label for more information)</font></span></li><li class=\"a-spacing-mini\" style=\"box-sizing: border-box; list-style: disc; overflow-wrap: break-word; margin: 0px;\"><span class=\"a-list-item\" style=\"box-sizing: border-box; color: var(--__N4QdCheV6mGo,#0f1111);\"><font face=\"georgia\">Manufacturer Warranty: 2 Years Comprehensive &amp; 10 Years on Motor (T&amp;C Apply)</font></span></li><li class=\"a-spacing-mini\" style=\"box-sizing: border-box; list-style: disc; overflow-wrap: break-word; margin: 0px;\"><span class=\"a-list-item\" style=\"box-sizing: border-box; color: var(--__N4QdCheV6mGo,#0f1111);\"><font face=\"georgia\">1200 RPM: higher spin speeds helps in faster drying | Spin Speed options (Washer): No spin/400/600/800/1000/1200</font></span></li><li class=\"a-spacing-mini\" style=\"box-sizing: border-box; list-style: disc; overflow-wrap: break-word; margin: 0px;\"><span class=\"a-list-item\" style=\"box-sizing: border-box; color: var(--__N4QdCheV6mGo,#0f1111);\"><font face=\"georgia\">10 Wash Program: Cotton - designed for normally soiled cotton clothes | Cotton Large - provides optimised washing performance for a large amount of laundry | Mixed Fabric - cleans a variety of different fabrics at the same time | Quick 30</font></span></li></ul>', 'lg wm.jpg', 'lg wm nn.jpg', 'lg wm hb.jpg', 1000, 'In Stock', '2025-01-16 16:23:50', NULL),
(40, 5, 9, 'Whirlpool 8 Kg 5 Star Inverter Front Load Fully Automatic Washing Machine with In-Built Heater (XS8014BYW52E, Crystal White, 100+ Tough Stains, Steam Technology, 6th Sense Soft Move, 2024 Model)', 'Whirlpool', 27990, 39600, '<ul class=\"a-unordered-list a-vertical a-spacing-mini\" style=\"box-sizing: border-box; margin-bottom: 0px; margin-left: 18px; color: rgb(15, 17, 17); font-size: 14px;\"><li class=\"a-spacing-mini\" style=\"box-sizing: border-box; list-style: disc; overflow-wrap: break-word; margin: 0px;\"><span class=\"a-list-item\" style=\"box-sizing: border-box; color: var(--__N4QdCheV6mGo,#0f1111);\"><font face=\"georgia\">Fully-automatic front load washing machine with Steam Technology and In-Built Heater</font></span></li><li class=\"a-spacing-mini\" style=\"box-sizing: border-box; list-style: disc; overflow-wrap: break-word; margin: 0px;\"><span class=\"a-list-item\" style=\"box-sizing: border-box; color: var(--__N4QdCheV6mGo,#0f1111);\"><font face=\"georgia\">Capacity - 8 Kg: Suitable for 5-6 members, Dimension : 60D x 64W x 85H</font></span></li><li class=\"a-spacing-mini\" style=\"box-sizing: border-box; list-style: disc; overflow-wrap: break-word; margin: 0px;\"><span class=\"a-list-item\" style=\"box-sizing: border-box; color: var(--__N4QdCheV6mGo,#0f1111);\"><font face=\"georgia\">Energy Rating 5 Star: Best in class efficiency | Energy consumption – 0.0376* KWh/kg/cycle (Please refer BEE label for more information)</font></span></li><li class=\"a-spacing-mini\" style=\"box-sizing: border-box; list-style: disc; overflow-wrap: break-word; margin: 0px;\"><span class=\"a-list-item\" style=\"box-sizing: border-box; color: var(--__N4QdCheV6mGo,#0f1111);\"><font face=\"georgia\">Manufacturer Warranty: 2 Years Comprehensive Warranty; 8 years additional warranty on Motor</font></span></li><li class=\"a-spacing-mini\" style=\"box-sizing: border-box; list-style: disc; overflow-wrap: break-word; margin: 0px;\"><span class=\"a-list-item\" style=\"box-sizing: border-box; color: var(--__N4QdCheV6mGo,#0f1111);\"><font face=\"georgia\">1400 RPM - higher spin speeds helps in faster drying</font></span></li><li class=\"a-spacing-mini\" style=\"box-sizing: border-box; list-style: disc; overflow-wrap: break-word; margin: 0px;\"><span class=\"a-list-item\" style=\"box-sizing: border-box; color: var(--__N4QdCheV6mGo,#0f1111);\"><font face=\"georgia\">15 Wash Programs : Sanitize, Cotton, Eco Cotton, Bedding Curtains,Rapid 30min, Stainwash, Baby care, Daily wash, Bed &amp; bath, Woollens, Delicate, Active Wear, Rinse &amp; Spin, Spin &amp; Drain, Drum Clean</font></span></li></ul>', 'whirl wm.jpg', 'whirl wm d.jpg', 'whirl wm ds.jpg', 1000, 'In Stock', '2025-01-16 16:41:38', NULL),
(41, 5, 9, 'LG 7 Kg 5 Star Wind Jet Dry Semi-Automatic Top Loading Washing Machine (P7020NGAZ, Dark Gray, Rat Away Feature)', 'LG', 11490, 16090, '<ul class=\"a-unordered-list a-vertical a-spacing-mini\" style=\"box-sizing: border-box; margin-bottom: 0px; margin-left: 18px; color: rgb(15, 17, 17); font-size: 14px;\"><li class=\"a-spacing-mini\" style=\"box-sizing: border-box; list-style: disc; overflow-wrap: break-word; margin: 0px;\"><span class=\"a-list-item\" style=\"box-sizing: border-box; color: var(--__N4QdCheV6mGo,#0f1111);\"><font face=\"georgia\">Semi-automatic washing Machine with Rat Away Feature: Economical, Low water and energy consumption, involves manual effort; Has both washing and drying functions</font></span></li><li class=\"a-spacing-mini\" style=\"box-sizing: border-box; list-style: disc; overflow-wrap: break-word; margin: 0px;\"><span class=\"a-list-item\" style=\"box-sizing: border-box; color: var(--__N4QdCheV6mGo,#0f1111);\"><font face=\"georgia\">Capacity 7 kg (wash): Suitable for 3 – 4 members | Spin Tub Capacity: 5.5 Kg</font></span></li><li class=\"a-spacing-mini\" style=\"box-sizing: border-box; list-style: disc; overflow-wrap: break-word; margin: 0px;\"><span class=\"a-list-item\" style=\"box-sizing: border-box; color: var(--__N4QdCheV6mGo,#0f1111);\"><font face=\"georgia\">Energy Rating: 5 Star - best in class efficiency; Energy consumption – 0.0105 KWh/kg/cycle &amp; Water Consumption: 17.72 L/Kg/Cycle (Please refer to BEE label for more information)</font></span></li><li class=\"a-spacing-mini\" style=\"box-sizing: border-box; list-style: disc; overflow-wrap: break-word; margin: 0px;\"><span class=\"a-list-item\" style=\"box-sizing: border-box; color: var(--__N4QdCheV6mGo,#0f1111);\"><font face=\"georgia\">Manufacturer Warranty: 2 Years Comprehensive &amp; 5 years on Motor T&amp;C</font></span></li><li class=\"a-spacing-mini\" style=\"box-sizing: border-box; list-style: disc; overflow-wrap: break-word; margin: 0px;\"><span class=\"a-list-item\" style=\"box-sizing: border-box; color: var(--__N4QdCheV6mGo,#0f1111);\"><font face=\"georgia\">1300 RPM: higher spin speeds helps in faster drying</font></span></li><li class=\"a-spacing-mini\" style=\"box-sizing: border-box; list-style: disc; overflow-wrap: break-word; margin: 0px;\"><span class=\"a-list-item\" style=\"box-sizing: border-box; color: var(--__N4QdCheV6mGo,#0f1111);\"><font face=\"georgia\">Wash Programs: 3 Wash Programs- Gentle: for more fragile items, such as certain sweaters, athletic clothing, undergarments and lingerie, crocheted items | Normal: for everyday laundry items made of cotton, linen, and durable synthetics | Strong: for sturdy fabrics such as towels, jeans</font></span></li></ul>', 'lg wm 3.jpg', 'lg wm 33.jpg', 'lg wm 333.jpg', 1000, 'Out of Stock', '2025-01-16 16:46:29', NULL),
(47, 6, 12, 'Voltas 1.5 ton 3 Star, Inverter Split AC (Copper, 4-in-1 Adjustable Mode, Anti-dust Filter, 2024 Model, 183V Vectra CAW, White)', 'Voltas', 33990, 40000, '<ul class=\"a-unordered-list a-vertical a-spacing-mini\" style=\"box-sizing: border-box; margin-bottom: 0px; margin-left: 18px; color: rgb(15, 17, 17); font-size: 14px;\"><li class=\"a-spacing-mini\" style=\"box-sizing: border-box; list-style: disc; overflow-wrap: break-word; margin: 0px;\"><span class=\"a-list-item\" style=\"box-sizing: border-box; color: var(--__N4QdCheV6mGo,#0f1111);\"><font face=\"georgia\">Split AC with inverter compressor: Variable speed compressor which adjusts power depending on heat load. Convertible / adjustable with 4 cooling modes through remote control to operate in different tonnages for different cooling needs</font></span></li><li class=\"a-spacing-mini\" style=\"box-sizing: border-box; list-style: disc; overflow-wrap: break-word; margin: 0px;\"><span class=\"a-list-item\" style=\"box-sizing: border-box; color: var(--__N4QdCheV6mGo,#0f1111);\"><font face=\"georgia\">Capacity: 1.5 Ton, suitable for Medium Sized Rooms (111 to 150 sq. ft.). High Ambient cooling even at 52° Celsius.</font></span></li><li class=\"a-spacing-mini\" style=\"box-sizing: border-box; list-style: disc; overflow-wrap: break-word; margin: 0px;\"><span class=\"a-list-item\" style=\"box-sizing: border-box; color: var(--__N4QdCheV6mGo,#0f1111);\"><font face=\"georgia\">Energy Rating: 3 Star Energy Efficient. Annual Energy Consumption: 975.26 kWh/year. ISEER Value: 3.81</font></span></li><li class=\"a-spacing-mini\" style=\"box-sizing: border-box; list-style: disc; overflow-wrap: break-word; margin: 0px;\"><span class=\"a-list-item\" style=\"box-sizing: border-box; color: var(--__N4QdCheV6mGo,#0f1111);\"><font face=\"georgia\">Warranty : 1 Year Comprehensive Warranty on the Product, 10 Years on Compressor and 5 Years on PCB.</font></span></li></ul>', 'ac voltas.jpg', 'ac voltas 1.jpg', 'ac voltas 11.jpg', 1000, 'In Stock', '2025-01-17 08:23:09', NULL),
(48, 6, 12, 'Daikin 1 Ton 3 Star Inverter Split AC (Copper, PM 2.5 Filter, 2024 Model, MTKL35UV16, White)', 'Daikin', 33490, 48200, '<ul class=\"a-unordered-list a-vertical a-spacing-mini\" style=\"box-sizing: border-box; margin-bottom: 0px; margin-left: 18px; color: rgb(15, 17, 17); font-size: 14px;\"><li class=\"a-spacing-mini\" style=\"box-sizing: border-box; list-style: disc; overflow-wrap: break-word; margin: 0px;\"><span class=\"a-list-item\" style=\"box-sizing: border-box; color: var(--__N4QdCheV6mGo,#0f1111);\"><font face=\"georgia\">split ac with inverter swing compressor and hepta sense: dew clean technology; triple display; pm 2.5 filter to ensure healthy air</font></span></li><li class=\"a-spacing-mini\" style=\"box-sizing: border-box; list-style: disc; overflow-wrap: break-word; margin: 0px;\"><span class=\"a-list-item\" style=\"box-sizing: border-box; color: var(--__N4QdCheV6mGo,#0f1111);\"><font face=\"georgia\">capacity 1 ton: suitable for small sized rooms (up to 100 sq.ft)</font></span></li><li class=\"a-spacing-mini\" style=\"box-sizing: border-box; list-style: disc; overflow-wrap: break-word; margin: 0px;\"><span class=\"a-list-item\" style=\"box-sizing: border-box; color: var(--__N4QdCheV6mGo,#0f1111);\"><font face=\"georgia\">3 star: energy efficiency</font></span></li><li class=\"a-spacing-mini\" style=\"box-sizing: border-box; list-style: disc; overflow-wrap: break-word; margin: 0px;\"><span class=\"a-list-item\" style=\"box-sizing: border-box; color: var(--__N4QdCheV6mGo,#0f1111);\"><font face=\"georgia\">warranty: 1 years on product, 5 years on pcb, 10 years on compressor</font></span></li><li class=\"a-spacing-mini\" style=\"box-sizing: border-box; list-style: disc; overflow-wrap: break-word; margin: 0px;\"><span class=\"a-list-item\" style=\"box-sizing: border-box; color: var(--__N4QdCheV6mGo,#0f1111);\"><font face=\"georgia\">copper condenser coil with patented dnns self heal coating for low maintenance &amp; enhanced durability</font></span></li><li class=\"a-spacing-mini\" style=\"box-sizing: border-box; list-style: disc; overflow-wrap: break-word; margin: 0px;\"><span class=\"a-list-item\" style=\"box-sizing: border-box; color: var(--__N4QdCheV6mGo,#0f1111);\"><font face=\"georgia\">key features- cooling capacity @ 43°c: 100%; noise level: 30 db(a); ambient operation: 52°c</font></span></li></ul>', 'ac daikin.jpg', 'ac daikin 2.jpg', 'ac daikin 22.jpg', 1000, 'In Stock', '2025-01-17 08:27:04', NULL),
(49, 6, 12, 'Blue Star 0.8 Ton 3 Star Inverter Split AC (Copper,Convertible 5 in 1 Cooling, Multi Sensors, Dust Filter Blue Fins, Self Diagnosis, 2024 Model, IA309TNU, White)', 'Blue Star', 27900, 48000, '<ul class=\"a-unordered-list a-vertical a-spacing-mini\" style=\"box-sizing: border-box; margin-bottom: 0px; margin-left: 18px; color: rgb(15, 17, 17); font-size: 14px;\"><li class=\"a-spacing-mini\" style=\"box-sizing: border-box; list-style: disc; overflow-wrap: break-word; margin: 0px;\"><span class=\"a-list-item\" style=\"box-sizing: border-box; color: var(--__N4QdCheV6mGo,#0f1111);\"><font face=\"georgia\">5-in-1 Convertible Cooling: Unique 5-in-1 cooling mode to run your AC at 5 different capacities as per the desired comfort. It comes in combination of 2 buttons in the remote.</font></span></li><li class=\"a-spacing-mini\" style=\"box-sizing: border-box; list-style: disc; overflow-wrap: break-word; margin: 0px;\"><span class=\"a-list-item\" style=\"box-sizing: border-box; color: var(--__N4QdCheV6mGo,#0f1111);\"><font face=\"georgia\">Capacity: 0.8 Ton Suitable for small sized rooms (up to 100 sq.ft)</font></span></li><li class=\"a-spacing-mini\" style=\"box-sizing: border-box; list-style: disc; overflow-wrap: break-word; margin: 0px;\"><span class=\"a-list-item\" style=\"box-sizing: border-box; color: var(--__N4QdCheV6mGo,#0f1111);\"><font face=\"georgia\">Energy Rating: 3 Star. Annual Energy Consumption: 544.39 units. ISEER Value: 3.9 | The star rating is as per new BEE guidelines. Noise Level: 42.4(db); Ambient Temperature: 52 degree Celsius</font></span></li><li class=\"a-spacing-mini\" style=\"box-sizing: border-box; list-style: disc; overflow-wrap: break-word; margin: 0px;\"><span class=\"a-list-item\" style=\"box-sizing: border-box; color: var(--__N4QdCheV6mGo,#0f1111);\"><font face=\"georgia\">Manufacturer Warranty: 5 Years on Product, 10 Years on Inverter Compressor(T&amp;C*).Covers-comprehensively all repairs, rectification or replacement of Components like Electronic PCB, IDU Evaporating Coil &amp; ODU Condenser Coil. Excludes all types of air filters, plastic and metal parts, remote handset &amp; gas charging.Gas charging associated with Compressor/Evaporator/Condenser coil to be paid by customer. This applies to residential usage only.</font></span></li></ul>', 'ac blue.jpg', 'ac blue 2.jpg', 'ac blue 22.jpg', 1000, 'In Stock', '2025-01-17 08:29:53', NULL),
(50, 6, 12, 'Hitachi 1 Ton Class 3 Star, ice Clean, Xpandable+, Inverter Split AC (100% Copper, Dust Filter, 2024 Model - 3400FXL RAS.G312PCAIBFE, White)', 'Hitachi', 34490, 54300, '<ul class=\"a-unordered-list a-vertical a-spacing-mini\" style=\"box-sizing: border-box; margin-bottom: 0px; margin-left: 18px; color: rgb(15, 17, 17); font-size: 14px;\"><li class=\"a-spacing-mini\" style=\"box-sizing: border-box; list-style: disc; overflow-wrap: break-word; margin: 0px;\"><span class=\"a-list-item\" style=\"box-sizing: border-box; color: var(--__N4QdCheV6mGo,#0f1111);\"><font face=\"georgia\">Split AC with inverter compressor: Variable speed compressor which adjusts power depending on heat load.</font></span></li><li class=\"a-spacing-mini\" style=\"box-sizing: border-box; list-style: disc; overflow-wrap: break-word; margin: 0px;\"><span class=\"a-list-item\" style=\"box-sizing: border-box; color: var(--__N4QdCheV6mGo,#0f1111);\"><font face=\"georgia\">Capacity 1 Ton: Suitable for small sized rooms ( up to 110 sq.ft)</font></span></li><li class=\"a-spacing-mini\" style=\"box-sizing: border-box; list-style: disc; overflow-wrap: break-word; margin: 0px;\"><span class=\"a-list-item\" style=\"box-sizing: border-box; color: var(--__N4QdCheV6mGo,#0f1111);\"><font face=\"georgia\">Energy Rating 3 Star: Energy Efficiency</font></span></li><li class=\"a-spacing-mini\" style=\"box-sizing: border-box; list-style: disc; overflow-wrap: break-word; margin: 0px;\"><span class=\"a-list-item\" style=\"box-sizing: border-box; color: var(--__N4QdCheV6mGo,#0f1111);\"><font face=\"georgia\">Manufacturer Warranty: 1 Year Comprehensive on Product, 10 years on Compressor, 5 years on PCB/ Controller</font></span></li><li class=\"a-spacing-mini\" style=\"box-sizing: border-box; list-style: disc; overflow-wrap: break-word; margin: 0px;\"><span class=\"a-list-item\" style=\"box-sizing: border-box; color: var(--__N4QdCheV6mGo,#0f1111);\"><font face=\"georgia\">100% Copper Condenser Coil: Better cooling and requires low maintenance</font></span></li><li class=\"a-spacing-mini\" style=\"box-sizing: border-box; list-style: disc; overflow-wrap: break-word; margin: 0px;\"><span class=\"a-list-item\" style=\"box-sizing: border-box; color: var(--__N4QdCheV6mGo,#0f1111);\"><font face=\"georgia\">Key Features: ice Clean powered by FrostWash Technology, Xpandable+ Technology, Long air throw*</font></span></li></ul>', 'ac hitachi.jpg', 'ac hitachi 1.jpg', 'ac hitachi 11.jpg', 1000, 'In Stock', '2025-01-17 08:49:13', NULL),
(51, 6, 12, 'LG 1 Ton 5 Star DUAL Inverter Split AC (Copper, AI Convertible 6-in-1 with VIRAAT Mode, Faster Cooling & Energy Saving, 4 Way Swing, HD Filter with AntiVirus Protection, 2025 Model, US-Q14YNZE, White)', 'LG', 40290, 75990, '<ul class=\"a-unordered-list a-vertical a-spacing-mini\" style=\"box-sizing: border-box; margin-bottom: 0px; margin-left: 18px; color: rgb(15, 17, 17); font-size: 14px;\"><li class=\"a-spacing-mini\" style=\"box-sizing: border-box; list-style: disc; overflow-wrap: break-word; margin: 0px;\"><span class=\"a-list-item\" style=\"box-sizing: border-box; color: var(--__N4QdCheV6mGo,#0f1111);\"><font face=\"georgia\">Split AC with Dual inverter compressor: Experience powerful cooling with LG Split AC, featuring an energy-efficient inverter compressor for optimal performance and long-lasting durability.</font></span></li><li class=\"a-spacing-mini\" style=\"box-sizing: border-box; list-style: disc; overflow-wrap: break-word; margin: 0px;\"><span class=\"a-list-item\" style=\"box-sizing: border-box; color: var(--__N4QdCheV6mGo,#0f1111);\"><font face=\"georgia\">Capacity: 1 Ton Suitable for Small Sized Rooms (up to 110 sq.ft); Air Circulation: 425/989 (In/Out) CFM, Cooling Capacity 3500 W &amp; Ambient Temperature: 52 degree Celsius with 4 way air swing</font></span></li><li class=\"a-spacing-mini\" style=\"box-sizing: border-box; list-style: disc; overflow-wrap: break-word; margin: 0px;\"><span class=\"a-list-item\" style=\"box-sizing: border-box; color: var(--__N4QdCheV6mGo,#0f1111);\"><font face=\"georgia\">Energy Rating: 5 Star - Best in class efficiency | Annual Energy Consumption: 515.84 units. ISEER Value: 5.25 (Please Refer Energy Label on Product Page or Contact Brand for More Details)</font></span></li><li class=\"a-spacing-mini\" style=\"box-sizing: border-box; list-style: disc; overflow-wrap: break-word; margin: 0px;\"><span class=\"a-list-item\" style=\"box-sizing: border-box; color: var(--__N4QdCheV6mGo,#0f1111);\"><font face=\"georgia\">Manufacturer Warranty: 1 Year warranty on product, 5 Years on PCB and Motor, and 10 Years on compressor with gas charging (T&amp;C apply)</font></span></li></ul>', 'ac lg 1.jpg', 'ac lg.jpg', 'ac lg 11.jpg', 1000, 'In Stock', '2025-01-17 09:08:08', NULL),
(52, 6, 12, 'Godrej 1 Ton 3 Star, 5-In-1 Convertible Cooling, Inverter Split AC (Copper, I-Sense Technology, 2023 Model, AC 1T EI 12TINV3R32-GWA Split, White)', 'Godrej', 28990, 42900, '<ul class=\"a-unordered-list a-vertical a-spacing-mini\" style=\"box-sizing: border-box; margin-bottom: 0px; margin-left: 18px; color: rgb(15, 17, 17); font-size: 14px;\"><li class=\"a-spacing-mini\" style=\"box-sizing: border-box; list-style: disc; overflow-wrap: break-word; margin: 0px;\"><span class=\"a-list-item\" style=\"box-sizing: border-box; color: var(--__N4QdCheV6mGo,#0f1111);\"><font face=\"georgia\">5-in-1 Convertible Split AC with inverter compressor: Variable speed compressor which adjusts power depending on heat load. Operates at a cooling capacity ranging from 40% to 110%, adjust cooling capacity at your convenience thus helps in saving energy.</font></span></li><li class=\"a-spacing-mini\" style=\"box-sizing: border-box; list-style: disc; overflow-wrap: break-word; margin: 0px;\"><span class=\"a-list-item\" style=\"box-sizing: border-box; color: var(--__N4QdCheV6mGo,#0f1111);\"><font face=\"georgia\">Capacity (1 Ton): Suitable for small sized rooms ( up to 110 sq.ft), 400 CFM &amp; Ambient Temperature: 52â„ƒ</font></span></li><li class=\"a-spacing-mini\" style=\"box-sizing: border-box; list-style: disc; overflow-wrap: break-word; margin: 0px;\"><span class=\"a-list-item\" style=\"box-sizing: border-box; color: var(--__N4QdCheV6mGo,#0f1111);\"><font face=\"georgia\">Energy rating: 3 star, Annual energy consumption: 980.37, ISEER value: 3.95 This model is as per the new star rating standards valid till 2024</font></span></li><li class=\"a-spacing-mini\" style=\"box-sizing: border-box; list-style: disc; overflow-wrap: break-word; margin: 0px;\"><span class=\"a-list-item\" style=\"box-sizing: border-box; color: var(--__N4QdCheV6mGo,#0f1111);\"><font face=\"georgia\">Manufacturer Warranty: 5 years free comprehensive warranty (Coverage: Labor and all functional parts: compressor, Inverter controller drive, Remote, Indoor PCB, Fan Motors, Heat Exchange coils and Gas Charging), 10 years warranty on compressor</font></span></li><li class=\"a-spacing-mini\" style=\"box-sizing: border-box; list-style: disc; overflow-wrap: break-word; margin: 0px;\"><span class=\"a-list-item\" style=\"box-sizing: border-box; color: var(--__N4QdCheV6mGo,#0f1111);\"><font face=\"georgia\">Condenser Coil: 100% copper evaporator and condenser with Blue Fin Anti-Corrosion coating that ensures durability and heavy duty performance for uninterrupted powerful cooling</font></span></li></ul>', 'ac godrej.jpg', 'ac godrej 1.jpg', 'ac godrej 11.jpg', 1000, 'In Stock', '2025-01-17 09:13:03', NULL);

-- --------------------------------------------------------

--
-- Table structure for table `subcategory`
--

CREATE TABLE `subcategory` (
  `id` int(11) NOT NULL,
  `categoryid` int(11) DEFAULT NULL,
  `subcategory` varchar(255) DEFAULT NULL,
  `creationDate` timestamp NULL DEFAULT current_timestamp(),
  `updationDate` varchar(255) DEFAULT NULL
) ENGINE=InnoDB DEFAULT CHARSET=latin1 COLLATE=latin1_swedish_ci;

--
-- Dumping data for table `subcategory`
--

INSERT INTO `subcategory` (`id`, `categoryid`, `subcategory`, `creationDate`, `updationDate`) VALUES
(4, 4, 'Smart TV', '2024-01-20 16:24:52', '10-01-2025 09:23:30 PM'),
(8, 3, 'Single & Double Door Refrigerator', '2024-01-20 16:24:52', '15-01-2025 08:57:25 PM'),
(9, 5, 'Smart Washing Machine', '2024-01-20 16:24:52', '08-12-2024 01:09:38 AM'),
(12, 6, 'Air Conditioner', '2024-01-20 16:24:52', '08-12-2024 01:10:26 AM');

-- --------------------------------------------------------

--
-- Table structure for table `userlog`
--

CREATE TABLE `userlog` (
  `id` int(11) NOT NULL,
  `userEmail` varchar(255) DEFAULT NULL,
  `userip` binary(16) DEFAULT NULL,
  `loginTime` timestamp NULL DEFAULT current_timestamp(),
  `logout` varchar(255) DEFAULT NULL,
  `status` int(11) DEFAULT NULL
) ENGINE=InnoDB DEFAULT CHARSET=latin1 COLLATE=latin1_swedish_ci;

--
-- Dumping data for table `userlog`
--

INSERT INTO `userlog` (`id`, `userEmail`, `userip`, `loginTime`, `logout`, `status`) VALUES
(1, 'anuj.k@gmail.com', 0x3a3a3100000000000000000000000000, '2024-05-22 06:01:21', '22-05-2024 11:34:34 AM', 1),
(2, 'johndeo@gmail.com', 0x3a3a3100000000000000000000000000, '2024-05-23 13:30:40', NULL, 1),
(3, 'amit12@gmail.com', 0x3a3a3100000000000000000000000000, '2024-06-05 01:03:33', '05-06-2024 06:39:31 AM', 1),
(4, 'abc@gmail.com', 0x3a3a3100000000000000000000000000, '2024-11-28 08:48:39', NULL, 0),
(5, 'mbk@gmail.com', 0x3a3a3100000000000000000000000000, '2025-01-11 14:40:24', '11-01-2025 09:41:28 PM', 1);

-- --------------------------------------------------------

--
-- Table structure for table `users`
--

CREATE TABLE `users` (
  `id` int(11) NOT NULL,
  `name` varchar(255) DEFAULT NULL,
  `email` varchar(255) DEFAULT NULL,
  `contactno` bigint(11) DEFAULT NULL,
  `password` varchar(255) DEFAULT NULL,
  `shippingAddress` longtext DEFAULT NULL,
  `shippingState` varchar(255) DEFAULT NULL,
  `shippingCity` varchar(255) DEFAULT NULL,
  `shippingPincode` int(11) DEFAULT NULL,
  `billingAddress` longtext DEFAULT NULL,
  `billingState` varchar(255) DEFAULT NULL,
  `billingCity` varchar(255) DEFAULT NULL,
  `billingPincode` int(11) DEFAULT NULL,
  `regDate` timestamp NOT NULL DEFAULT current_timestamp(),
  `updationDate` varchar(255) DEFAULT NULL
) ENGINE=InnoDB DEFAULT CHARSET=latin1 COLLATE=latin1_swedish_ci;

--
-- Dumping data for table `users`
--

INSERT INTO `users` (`id`, `name`, `email`, `contactno`, `password`, `shippingAddress`, `shippingState`, `shippingCity`, `shippingPincode`, `billingAddress`, `billingState`, `billingCity`, `billingPincode`, `regDate`, `updationDate`) VALUES
(1, 'Anuj Kumar', 'anuj.k@gmail.com', 9009857868, 'f925916e2754e5e03f75dd58a5733251', 'CS New Delhi', 'New Delhi', 'Delhi', 110001, 'Navi Mumbai', 'Maharashtra', 'Thane', 129348, '2024-04-21 19:30:50', ''),
(2, 'Amit ', 'amit@gmail.com', 8285703355, '5c428d8875d2948607f3e3fe134d71b4', '', '', '', 0, '', '', '', 0, '2024-04-21 19:30:50', ''),
(3, 'hg', 'hgfhgf@gmass.com', 1121312312, '827ccb0eea8a706c4c34a16891f84e7b', '', '', '', 0, '', '', '', 0, '2024-04-21 19:30:50', ''),
(4, 'John Doe', 'johndeo@gmail.com', 4564566554, 'f925916e2754e5e03f75dd58a5733251', 'A 12323 XYZ Apartment ', 'Delhi', 'New Delhi', 110092, 'A 12323 XYZ Apartment ', 'Delhi', 'New Delhi', 110092, '2024-05-23 13:30:34', NULL),
(5, 'Amit kumar', 'amit12@gmail.com', 1414253625, 'f925916e2754e5e03f75dd58a5733251', 'A 123 XYZ Apartment', 'Delhi', 'new Delhi', 110023, 'A 123 XYZ Apartment', 'Delhi', 'new Delhi', 110023, '2024-06-05 01:03:24', NULL),
(6, 'mansi', 'kumbharmansib@gmail.com', 9876543101, '827ccb0eea8a706c4c34a16891f84e7b', NULL, NULL, NULL, NULL, NULL, NULL, NULL, NULL, '2024-11-28 08:50:06', NULL),
(7, 'MK', 'mbk@gmail.com', 9876543101, 'e10adc3949ba59abbe56e057f20f883e', 'Navi Mumbai', 'Maharashtra', 'Thane', 129348, 'Navi Mumbai', 'Maharashtra', 'Thane', 129348, '2025-01-11 14:39:43', NULL);

-- --------------------------------------------------------

--
-- Table structure for table `wishlist`
--

CREATE TABLE `wishlist` (
  `id` int(11) NOT NULL,
  `userId` int(11) DEFAULT NULL,
  `productId` int(11) DEFAULT NULL,
  `postingDate` timestamp NOT NULL DEFAULT current_timestamp()
) ENGINE=InnoDB DEFAULT CHARSET=latin1 COLLATE=latin1_swedish_ci;

--
-- Indexes for dumped tables
--

--
-- Indexes for table `admin`
--
ALTER TABLE `admin`
  ADD PRIMARY KEY (`id`);

--
-- Indexes for table `category`
--
ALTER TABLE `category`
  ADD PRIMARY KEY (`id`);

--
-- Indexes for table `orders`
--
ALTER TABLE `orders`
  ADD PRIMARY KEY (`id`);

--
-- Indexes for table `ordertrackhistory`
--
ALTER TABLE `ordertrackhistory`
  ADD PRIMARY KEY (`id`);

--
-- Indexes for table `productreviews`
--
ALTER TABLE `productreviews`
  ADD PRIMARY KEY (`id`);

--
-- Indexes for table `products`
--
ALTER TABLE `products`
  ADD PRIMARY KEY (`id`);

--
-- Indexes for table `subcategory`
--
ALTER TABLE `subcategory`
  ADD PRIMARY KEY (`id`);

--
-- Indexes for table `userlog`
--
ALTER TABLE `userlog`
  ADD PRIMARY KEY (`id`);

--
-- Indexes for table `users`
--
ALTER TABLE `users`
  ADD PRIMARY KEY (`id`);

--
-- Indexes for table `wishlist`
--
ALTER TABLE `wishlist`
  ADD PRIMARY KEY (`id`);

--
-- AUTO_INCREMENT for dumped tables
--

--
-- AUTO_INCREMENT for table `admin`
--
ALTER TABLE `admin`
  MODIFY `id` int(11) NOT NULL AUTO_INCREMENT, AUTO_INCREMENT=2;

--
-- AUTO_INCREMENT for table `category`
--
ALTER TABLE `category`
  MODIFY `id` int(11) NOT NULL AUTO_INCREMENT, AUTO_INCREMENT=8;

--
-- AUTO_INCREMENT for table `orders`
--
ALTER TABLE `orders`
  MODIFY `id` int(11) NOT NULL AUTO_INCREMENT, AUTO_INCREMENT=6;

--
-- AUTO_INCREMENT for table `ordertrackhistory`
--
ALTER TABLE `ordertrackhistory`
  MODIFY `id` int(11) NOT NULL AUTO_INCREMENT, AUTO_INCREMENT=9;

--
-- AUTO_INCREMENT for table `productreviews`
--
ALTER TABLE `productreviews`
  MODIFY `id` int(11) NOT NULL AUTO_INCREMENT;

--
-- AUTO_INCREMENT for table `products`
--
ALTER TABLE `products`
  MODIFY `id` int(11) NOT NULL AUTO_INCREMENT, AUTO_INCREMENT=53;

--
-- AUTO_INCREMENT for table `subcategory`
--
ALTER TABLE `subcategory`
  MODIFY `id` int(11) NOT NULL AUTO_INCREMENT, AUTO_INCREMENT=15;

--
-- AUTO_INCREMENT for table `userlog`
--
ALTER TABLE `userlog`
  MODIFY `id` int(11) NOT NULL AUTO_INCREMENT, AUTO_INCREMENT=6;

--
-- AUTO_INCREMENT for table `users`
--
ALTER TABLE `users`
  MODIFY `id` int(11) NOT NULL AUTO_INCREMENT, AUTO_INCREMENT=8;

--
-- AUTO_INCREMENT for table `wishlist`
--
ALTER TABLE `wishlist`
  MODIFY `id` int(11) NOT NULL AUTO_INCREMENT, AUTO_INCREMENT=3;
COMMIT;

/*!40101 SET CHARACTER_SET_CLIENT=@OLD_CHARACTER_SET_CLIENT */;
/*!40101 SET CHARACTER_SET_RESULTS=@OLD_CHARACTER_SET_RESULTS */;
/*!40101 SET COLLATION_CONNECTION=@OLD_COLLATION_CONNECTION */;
